timestamp,open,high,low,close,volume,trade
1567900800,10000.0,10412.65,10000.0,10391.63,3096.291,3754
1567987200,10316.62,10475.54,10077.22,10307.0,14824.373,11296
1568073600,10307.0,10382.97,9940.87,10102.02,9068.955,10089
1568160000,10094.27,10293.11,9884.31,10159.55,10897.922,13811
1568246400,10163.06,10450.13,10042.12,10415.13,15609.634,20060
1568332800,10414.96,10440.55,10153.51,10341.34,19252.721,29249
1568419200,10343.01,10419.97,10222.77,10332.25,20656.624,30436
1568505600,10333.47,10359.2,10024.81,10302.22,20536.255,25912
1568592000,10302.0,10353.81,10080.7,10249.27,20185.637,31837
1568678400,10257.3,10270.63,10136.77,10186.52,22519.607,31535
1568764800,10183.87,10256.65,10097.92,10155.16,20832.895,30799
1568851200,10154.7,10331.62,9530.02,10245.3,26228.754,41871
1568937600,10247.7,10279.3,10070.5,10166.35,23265.91,31054
1569024000,10166.56,10175.3,9912.63,9983.33,23642.387,32670
1569110400,9992.7,10089.52,9857.0,10023.04,23916.354,33401
1569196800,10027.69,10046.91,9620.0,9701.96,31927.062,42190
1569283200,8683.2,9792.83,8645.61,8645.61,29758.535,46730
1569369600,8493.32,8725.24,8200.0,8430.07,48222.102,85707
1569456000,8428.15,8464.4,7700.67,8060.15,60065.945,110581
1569542400,8061.98,8260.0,7851.94,8176.52,40034.653,80396
1569628800,8178.26,8311.0,8001.14,8195.38,33820.919,69220
1569715200,8199.0,8226.35,7888.98,8041.96,35966.056,78128
1569801600,8042.08,8331.89,7709.01,8285.84,54412.52,107329
1569888000,8285.31,8499.0,8171.0,8290.0,39212.804,92166
1569974400,8290.0,8365.92,8149.35,8352.14,30329.179,71452
1570060800,8353.4,8386.0,8020.0,8220.27,33430.23,82221
1570147200,8219.95,8227.42,7979.95,8130.56,28421.111,74683
1570233600,8130.0,8175.0,8010.0,8122.14,30262.006,69791
1570320000,8122.01,8148.43,7760.0,7852.79,41909.039,94844
1570406400,7851.01,8330.0,7764.42,8186.88,62760.299,115400
1570492800,8188.55,8322.01,8103.88,8167.62,44715.165,82468
1570579200,8168.33,8700.0,8113.0,8559.77,65453.643,114326
1570665600,8559.77,8640.89,8419.34,8556.02,44285.668,83861
1570752000,8557.0,8788.0,8210.0,8255.58,69157.964,116971
1570838400,8255.54,8397.45,8248.34,8300.22,37761.514,68373
1570924800,8300.31,8456.0,8137.3,8274.66,43820.913,80857
1571011200,8274.33,8381.77,8205.02,8346.05,61999.821,93034
1571097600,8346.31,8408.62,8080.0,8160.01,86246.749,97630
1571184000,8160.55,8184.0,7900.24,7992.21,70434.452,90317
1571270400,7994.76,8124.63,7930.0,8069.2,58354.602,80845
1571356800,8069.41,8117.3,7812.0,7943.94,75251.352,102381
1571443200,7945.57,8108.54,7852.12,7947.13,78024.395,98068
1571529600,7947.78,8300.5,7871.17,8218.23,78663.915,120205
1571616000,8218.23,8334.57,8150.0,8201.74,59928.516,100497
1571702400,8201.0,8290.0,8000.0,8020.89,69506.88,115709
1571788800,8020.68,8047.78,7172.76,7465.0,108484.139,202487
1571875200,7465.18,7495.81,7337.44,7411.35,66719.534,111756
1571961600,7410.07,8800.0,7359.0,8650.0,165118.926,322189
1572048000,8650.0,10408.48,8626.89,9232.22,248161.161,503375
1572134400,9234.75,9803.83,9066.07,9533.32,163544.019,309972
1572220800,9534.37,9930.13,9156.03,9217.36,155599.975,279048
1572307200,9215.78,9569.1,9070.0,9415.02,124703.014,242823
1572393600,9415.02,9418.65,8975.72,9165.3,98464.858,233836
1572480000,9163.4,9438.64,8933.0,9150.0,98836.044,247658
1572566400,9149.88,9280.0,9050.27,9231.01,87256.949,237247
1572652800,9231.7,9375.0,9194.98,9287.8,56602.055,163182
1572739200,9288.96,9366.69,9073.0,9197.88,75612.722,257133
1572825600,9197.86,9550.0,9126.01,9395.46,90433.357,248571
1572912000,9395.47,9457.13,9164.33,9313.2,113738.226,276198
1572998400,9313.1,9450.0,9259.48,9343.6,73767.911,190226
1573084800,9344.29,9381.93,9091.2,9219.64,77389.569,178691
1573171200,9221.63,9259.3,8669.85,8775.03,151851.16,319405
1573257600,8775.6,8878.0,8727.0,8811.15,66846.392,183364
1573344000,8811.3,9187.0,8760.0,9041.31,91099.197,245197
1573430400,9041.31,9072.91,8611.11,8728.93,113373.762,324917
1573516800,8729.89,8889.06,8552.12,8817.0,107520.546,287214
1573603200,8817.94,8838.0,8712.0,8774.76,58585.811,163995
1573689600,8774.78,8798.06,8581.39,8642.25,87099.995,225625
1573776000,8642.47,8780.0,8380.0,8473.27,145602.497,368156
1573862400,8473.3,8540.54,8435.0,8491.06,48657.04,152747
1573948800,8491.18,8631.0,8355.78,8504.04,72152.266,215149
1574035200,8504.13,8504.71,8050.0,8183.26,123477.142,363313
1574121600,8183.3,8212.87,8000.0,8131.7,110854.03,294385
1574208000,8131.12,8230.0,8037.5,8094.05,87352.38,241974
1574294400,8094.57,8131.51,7432.0,7621.9,180289.189,412277
1574380800,7621.89,7765.03,6762.73,7262.72,371213.951,999166
1574467200,7261.89,7345.84,7073.38,7305.99,139643.311,378359
1574553600,7306.19,7324.92,6855.91,6900.86,183676.078,504021
1574640000,6899.77,7386.29,6510.19,7102.03,333987.914,926856
1574726400,7103.34,7340.06,7011.9,7150.0,193962.094,525112
1574812800,7149.97,7669.2,6850.0,7506.77,297842.994,787562
1574899200,7506.78,7643.0,7356.0,7415.79,175000.609,439167
1574985600,7417.0,7850.0,7394.57,7736.66,185819.186,481870
1575072000,7737.23,7800.0,7444.18,7542.93,141966.392,362290
1575158400,7541.08,7541.08,7222.29,7387.38,196291.252,500459
1575244800,7388.0,7416.75,7137.74,7291.0,143966.953,370901
1575331200,7291.74,7404.42,7231.35,7290.86,84699.47,233130
1575417600,7290.85,7800.0,7070.0,7191.0,274879.481,593445
1575504000,7189.42,7480.0,7142.54,7384.99,176315.108,446089
1575590400,7384.66,7602.44,7295.73,7522.1,136218.707,367352
1575676800,7521.13,7616.91,7467.44,7487.2,83208.782,223129
1575763200,7487.19,7559.39,7376.0,7508.2,84380.338,218684
1575849600,7507.87,7676.48,7269.05,7337.49,136440.176,349478
1575936000,7338.2,7403.71,7152.0,7220.98,126662.794,294099
1576022400,7220.92,7267.0,7117.74,7205.77,97320.727,224496
1576108800,7206.78,7295.12,7080.0,7194.77,140594.105,304604
1576195200,7194.08,7298.0,7190.0,7252.98,80178.833,187255
1576281600,7252.98,7266.14,7007.86,7061.34,97837.512,236813
1576368000,7060.79,7196.0,7004.77,7115.0,87933.233,180924
1576454400,7115.45,7147.34,6831.0,6887.54,117597.89,249488
1576540800,6887.48,6940.0,6550.0,6618.96,166411.289,348899
1576627200,6618.96,7479.99,6427.0,7277.44,328489.593,675369
1576713600,7278.11,7367.87,7042.82,7146.29,158849.566,323697
1576800000,7146.29,7217.08,7078.17,7184.39,86449.566,179313
1576886400,7184.39,7185.0,7108.0,7131.01,44340.865,99594
1576972800,7131.02,7517.61,7122.0,7502.92,129797.395,278563
1577059200,7502.92,7691.0,7262.0,7314.01,215298.787,431464
1577145600,7314.03,7434.55,7156.08,7252.04,149081.004,279760
1577232000,7251.57,7267.63,7123.19,7201.45,96965.072,174360
1577318400,7201.67,7438.8,7151.0,7197.46,133973.533,246938
1577404800,7197.84,7270.0,7078.89,7248.4,112284.61,211189
1577491200,7248.4,7359.15,7235.0,7311.48,91292.882,156362
1577577600,7310.29,7527.0,7283.6,7383.67,102543.974,186571
1577664000,7383.68,7400.0,7215.58,7240.43,94375.362,174925
1577750400,7240.8,7319.0,7141.0,7189.0,89203.437,157014
1577836800,7189.43,7260.43,7170.15,7197.57,56801.329,101871
1577923200,7197.57,7209.59,6922.0,6962.04,115295.677,224747
1578009600,6962.34,7407.28,6863.44,7341.72,208493.458,409820
1578096000,7341.6,7400.0,7269.21,7350.71,92586.033,186349
1578182400,7350.54,7495.0,7303.0,7354.36,117765.972,238905
1578268800,7354.36,7808.65,7345.0,7757.39,168150.317,323625
1578355200,7757.74,8215.33,7733.0,8152.49,280809.162,526402
1578441600,8150.9,8468.42,7870.11,8059.84,321225.114,650971
1578528000,8059.77,8060.0,7750.01,7818.59,187263.143,362420
1578614400,7817.91,8210.62,7670.0,8207.09,253783.948,542054
1578700800,8207.2,8292.19,8003.87,8020.56,164741.715,354690
1578787200,8020.58,8195.0,7956.28,8186.7,108629.964,243290
1578873600,8186.22,8200.0,8053.78,8113.0,74581.364,184440
1578960000,8112.99,8893.0,8109.02,8825.0,290777.981,652920
1579046400,8825.0,8921.2,8570.52,8825.3,237633.837,435491
1579132800,8825.35,8868.21,8596.25,8725.08,167958.963,294579
1579219200,8724.99,9039.0,8680.0,8918.72,205717.686,390463
1579305600,8918.73,8995.0,8816.0,8925.0,114708.682,220520
1579392000,8925.0,9205.3,8440.91,8705.85,225314.525,444795
1579478400,8705.98,8750.37,8526.06,8650.0,125161.675,240897
1579564800,8650.0,8790.1,8448.6,8742.43,107577.153,200875
1579651200,8742.78,8820.0,8585.85,8684.57,94305.496,180455
1579737600,8684.47,8694.0,8326.0,8409.6,163407.064,335447
1579824000,8410.0,8528.0,8247.0,8441.96,144785.391,316370
1579910400,8442.82,8455.0,8272.0,8344.64,96961.714,186872
1579996800,8344.37,8624.45,8300.0,8611.21,117898.916,218347
1580083200,8611.21,9015.48,8565.0,8913.61,172235.328,359034
1580169600,8913.61,9436.06,8905.0,9398.98,244467.546,455985
1580256000,9399.72,9460.52,9242.0,9311.0,169460.643,338155
1580342400,9311.23,9599.0,9210.42,9525.67,190137.536,393732
1580428800,9525.67,9550.72,9220.0,9364.51,146644.026,266727
1580515200,9364.5,9477.76,9306.0,9392.74,109040.285,229569
1580601600,9392.99,9489.92,9160.01,9338.2,148402.977,285872
1580688000,9340.49,9647.61,9250.0,9300.64,159049.385,313233
1580774400,9300.63,9368.0,9105.0,9198.35,147843.902,282503
1580860800,9198.32,9799.08,9179.88,9630.0,212311.697,387332
1580947200,9630.0,9884.0,9550.0,9778.12,200556.367,366953
1581033600,9777.97,9900.0,9736.66,9821.52,129740.767,244078
1581120000,9821.52,9956.0,9680.55,9906.43,129267.269,238583
1581206400,9906.09,10184.34,9892.15,10167.38,143407.013,270733
1581292800,10167.37,10213.56,9750.0,9865.56,184242.737,333889
1581379200,9865.56,10409.96,9729.36,10229.06,190119.815,381836
1581465600,10230.74,10479.98,10229.71,10339.99,159674.258,336615
1581552000,10339.64,10540.0,10101.0,10239.63,213052.717,454247
1581638400,10240.02,10390.0,10123.37,10356.82,130975.746,267110
1581724800,10356.27,10389.75,9752.3,9914.99,152146.127,325934
1581811200,9914.31,10060.45,9626.64,9921.86,141547.956,321449
1581897600,9921.87,9971.0,9461.89,9716.0,185338.179,399493
1581984000,9716.0,10270.0,9598.0,10174.32,166119.369,398826
1582070400,10174.53,10286.0,9293.07,9593.65,187495.927,442535
1582156800,9593.31,9700.0,9382.59,9601.99,143105.587,340441
1582243200,9601.51,9759.59,9547.0,9681.39,98954.288,222939
1582329600,9681.39,9710.7,9565.0,9659.2,58419.547,137989
1582416000,9658.95,10018.9,9657.0,9943.12,97134.358,229104
1582502400,9943.12,10000.0,9487.38,9662.95,157965.671,357670
1582588800,9662.88,9686.78,9247.0,9326.0,168641.725,370353
1582675200,9326.0,9384.0,8610.0,8792.22,267005.172,594555
1582761600,8793.96,8978.0,8533.9,8828.0,200638.488,447761
1582848000,8827.12,8908.86,8450.0,8699.57,196066.11,479621
1582934400,8699.86,8799.83,8530.0,8531.98,103524.685,217411
1583020800,8532.5,8762.24,8409.0,8537.84,174332.916,346326
1583107200,8537.84,8972.0,8504.95,8919.7,160294.484,330286
1583193600,8919.7,8922.34,8657.41,8765.0,160123.605,331015
1583280000,8765.0,8853.88,8669.23,8756.93,105462.12,219177
1583366400,8755.98,9172.3,8755.98,9062.81,161840.623,305604
1583452800,9062.62,9179.75,8994.14,9139.48,115011.583,226911
1583539200,9139.77,9204.0,8850.0,8897.18,125804.999,240352
1583625600,8895.62,8897.71,7997.7,8038.46,237407.028,443337
1583712000,8038.99,8182.31,7635.21,7932.15,334399.107,630254
1583798400,7932.45,8156.31,7733.0,7897.66,257068.702,480453
1583884800,7898.21,7988.0,7593.29,7938.39,220537.381,401429
1583971200,7938.39,7969.0,4347.0,4764.65,784747.02,1559176
1584057600,4762.28,5971.0,3621.81,5570.26,935489.242,2491958
1584144000,5569.84,5638.42,5040.0,5167.01,316242.586,778184
1584230400,5167.21,5954.47,5089.12,5357.32,356311.765,806813
1584316800,5354.81,5361.26,4413.62,5026.26,621555.792,1445469
1584403200,5027.11,5529.98,4913.49,5307.38,429908.098,1054231
1584489600,5306.42,5435.0,4982.75,5389.64,402005.703,915737
1584576000,5389.94,6400.0,5246.5,6159.6,499391.19,1105378
1584662400,6159.41,6911.0,5650.0,6203.77,571898.016,1274738
1584748800,6204.47,6457.17,5854.01,6183.69,387679.649,986672
1584835200,6183.84,6408.91,5730.35,5810.17,391002.795,1072425
1584921600,5810.3,6619.9,5670.0,6463.84,489746.087,1193611
1585008000,6463.21,6840.0,6369.0,6741.33,437968.553,1114257
1585094400,6740.86,6960.71,6436.26,6673.41,400684.542,1046097
1585180800,6673.57,6777.5,6500.0,6733.76,281245.628,808889
1585267200,6733.76,6840.0,6230.0,6353.64,258213.519,741333
1585353600,6353.64,6354.74,6004.0,6230.95,341944.185,1008455
1585440000,6231.81,6260.0,5857.6,5876.27,251335.919,695647
1585526400,5876.27,6606.15,5850.0,6391.08,387321.998,1071219
1585612800,6389.52,6516.63,6320.0,6407.1,262522.644,790788
1585699200,6407.1,6693.0,6140.0,6641.51,390529.602,1158799
1585785600,6641.22,7290.0,6542.73,6791.63,531321.428,1382876
1585872000,6791.65,7049.11,6600.0,6729.8,411944.927,1074346
1585958400,6729.8,7020.0,6629.99,6851.1,319849.757,918658
1586044800,6851.4,6893.44,6668.02,6768.9,239224.508,698862
1586131200,6768.9,7370.0,6760.0,7325.73,461331.013,1279153
1586217600,7325.73,7457.0,7070.43,7192.9,419572.04,1075255
1586304000,7192.9,7417.83,7145.14,7357.66,332599.575,1007080
1586390400,7357.15,7365.69,7105.98,7278.65,293638.581,844238
1586476800,7278.83,7290.0,6741.0,6857.82,440148.453,1366733
1586563200,6858.0,6944.28,6757.29,6874.18,224157.844,703329
1586649600,6874.17,7173.98,6775.66,6900.52,321594.822,960439
1586736000,6900.19,6900.99,6558.0,6834.0,421954.773,1257602
1586822400,6834.01,6975.6,6751.0,6864.11,280445.427,1002761
1586908800,6864.11,6929.0,6602.59,6616.89,281136.689,978500
1586995200,6616.88,7190.92,6465.33,7098.15,559868.603,1570129
1587081600,7098.15,7140.0,6981.0,7022.44,277339.601,815405
1587168000,7022.0,7290.0,7008.11,7242.42,225807.171,665801
1587254400,7242.49,7258.42,7055.0,7118.03,216975.114,687566
1587340800,7118.04,7208.55,6735.95,6825.29,445104.981,1327875
1587427200,6825.28,6940.0,6759.16,6838.0,288024.528,927606
1587513600,6838.0,7154.9,6812.57,7120.06,306482.163,926951
1587600000,7120.06,7802.38,7020.0,7483.35,472510.047,1298970
1587686400,7483.36,7612.91,7388.0,7504.11,278378.368,808016
1587772800,7504.62,7722.33,7433.0,7534.01,243266.807,645606
1587859200,7534.01,7709.57,7476.86,7694.17,269921.936,720885
1587945600,7693.63,7795.6,7623.98,7774.0,290336.169,755785
1588032000,7774.0,7780.0,7662.49,7735.75,217652.761,588167
1588118400,7735.76,8988.66,7710.0,8784.2,871197.569,2033439
1588204800,8784.05,9479.77,8400.0,8624.76,944211.711,2329118
1588291200,8623.61,9065.0,8619.84,8830.52,417820.386,1303431
1588377600,8830.52,9020.0,8755.01,8975.18,295769.728,893324
1588464000,8975.18,9200.0,8727.24,8900.0,451322.713,1308158
1588550400,8899.99,8954.94,8526.0,8873.98,440135.307,1272135
1588636800,8873.99,9118.17,8766.12,9022.78,409920.13,1172631
1588723200,9022.76,9405.0,8916.01,9148.27,507753.8,1337479
1588809600,9148.29,10080.0,9022.0,9995.0,738920.219,2004469
1588896000,9994.74,10045.03,9726.0,9807.49,458034.211,1342120
1588982400,9809.63,9923.98,9528.23,9550.67,411941.957,1189983
1589068800,9550.25,9580.0,7940.0,8719.53,842909.031,2157408
1589155200,8723.23,9164.0,8151.12,8561.09,805164.964,2107410
1589241600,8560.73,8981.0,8520.43,8808.71,369716.041,1104068
1589328000,8808.71,9397.0,8790.04,9305.91,379719.0,1154539
1589414400,9305.91,9950.0,9250.66,9786.8,602528.438,1596856
1589500800,9787.62,9843.5,9100.0,9310.73,504107.096,1399261
1589587200,9311.21,9585.0,9210.03,9374.99,287768.201,918028
1589673600,9374.99,9880.0,9317.16,9678.57,300859.34,973266
1589760000,9677.31,9958.67,9450.0,9731.1,363732.37,1065425
1589846400,9731.11,9900.0,9462.0,9773.64,376313.845,1062705
1589932800,9772.66,9838.0,9281.42,9508.11,334423.59,920679
1590019200,9508.0,9573.0,8812.2,9060.0,461439.193,1286185
1590105600,9060.0,9259.38,8920.0,9166.4,276008.073,772928
1590192000,9166.43,9300.0,9076.9,9176.41,201589.66,582528
1590278400,9176.32,9294.44,8674.0,8711.37,339643.378,872058
1590364800,8711.37,8977.0,8623.38,8895.65,302980.106,775095
1590451200,8895.66,9011.82,8693.18,8837.05,275619.158,736181
1590537600,8837.88,9230.0,8811.0,9197.32,272253.998,700725
1590624000,9197.32,9621.65,9110.97,9569.59,327412.374,801469
1590710400,9569.58,9598.0,9317.42,9422.26,238691.299,627717
1590796800,9422.11,9753.0,9326.01,9695.0,255234.058,691896
1590883200,9694.38,9698.0,9371.76,9446.43,219829.356,676486
1590969600,9446.49,10497.25,9420.85,10232.48,333740.457,922467
1591056000,10232.41,10262.3,9264.15,9514.9,354168.517,939395
1591142400,9514.9,9694.75,9382.33,9663.59,185389.412,571997
1591228800,9663.58,9884.0,9440.0,9788.33,264515.319,769445
1591315200,9788.32,9855.0,9580.52,9617.29,237103.042,674699
1591401600,9616.64,9738.77,9528.0,9664.0,152526.703,507355
1591488000,9664.01,9823.13,9373.0,9743.92,253986.313,695541
1591574400,9743.92,9816.0,9631.0,9778.87,162086.419,474606
1591660800,9778.87,9890.0,9550.03,9771.66,204422.819,553812
1591747200,9771.66,10015.99,9681.21,9884.99,193628.149,551989
1591833600,9884.99,9970.1,9055.07,9278.03,404046.613,1027558
1591920000,9277.72,9550.0,9238.0,9458.91,211611.34,641434
1592006400,9458.77,9497.85,9340.0,9468.54,113449.075,348090
1592092800,9468.55,9477.0,9240.97,9339.61,143978.523,422272
1592179200,9339.7,9490.83,8888.43,9422.01,413865.727,1088825
1592265600,9422.01,9595.0,9370.0,9519.12,225713.247,641488
1592352000,9519.13,9569.0,9231.03,9458.45,227477.39,623537
1592438400,9458.45,9483.85,9272.41,9381.59,158349.247,477815
1592524800,9381.99,9453.0,9239.0,9307.0,219510.059,588538
1592611200,9307.0,9394.29,9165.0,9354.04,154462.29,425349
1592697600,9353.84,9420.47,9279.0,9293.51,110599.558,316619
1592784000,9293.39,9795.0,9273.0,9686.99,260561.647,634767
1592870400,9686.99,9723.23,9585.0,9631.66,164673.499,432869
1592956800,9631.65,9678.0,9210.0,9298.4,300450.251,748649
1593043200,9298.78,9350.9,9005.0,9246.75,272566.502,724717
1593129600,9246.75,9297.16,9038.52,9159.99,249348.67,682581
1593216000,9159.99,9195.75,8816.4,9008.0,237840.165,635966
1593302400,9008.0,9188.0,8932.68,9114.0,153842.891,480457
1593388800,9114.01,9233.0,9022.0,9189.48,176660.525,513754
1593475200,9189.99,9205.0,9063.97,9138.87,143469.832,418034
1593561600,9138.88,9293.0,9090.0,9233.29,161642.185,446516
1593648000,9233.29,9262.99,8936.0,9087.72,230747.519,649904
1593734400,9087.72,9124.52,9036.06,9057.52,96947.338,334878
1593820800,9058.07,9194.0,9042.84,9137.18,100215.438,300402
1593907200,9137.18,9146.35,8900.0,9071.86,139545.566,424855
1593993600,9071.87,9379.0,9058.1,9339.6,199643.828,543847
1594080000,9339.59,9380.0,9201.23,9258.51,127833.975,405928
1594166400,9258.51,9470.0,9233.47,9436.08,170243.001,503111
1594252800,9436.08,9440.81,9164.33,9236.28,188355.856,526694
1594339200,9236.29,9317.24,9121.42,9288.39,140849.874,418173
1594425600,9288.39,9301.74,9178.91,9233.5,74976.521,268041
1594512000,9233.5,9349.0,9155.0,9300.69,127841.882,369869
1594598400,9300.7,9345.0,9200.0,9241.2,136117.659,407784
1594684800,9241.18,9279.0,9116.0,9254.17,129704.278,381121
1594771200,9254.17,9272.56,9156.0,9197.3,104107.708,307679
1594857600,9197.75,9223.0,9044.02,9132.0,148089.45,402299
1594944000,9132.0,9187.0,9087.0,9151.69,80940.584,244169
1595030400,9151.7,9210.0,9121.98,9171.8,63233.596,206354
1595116800,9171.79,9239.59,9108.0,9210.51,75554.579,243001
1595203200,9210.68,9221.0,9131.01,9161.13,72429.691,245657
1595289600,9161.28,9439.6,9152.62,9388.01,179211.347,515483
1595376000,9388.0,9543.0,9272.0,9518.25,126598.902,417994
1595462400,9518.25,9678.32,9439.86,9604.41,166990.147,566970
1595548800,9604.41,9650.0,9470.0,9539.7,133975.068,531836
1595635200,9539.7,9735.1,9526.31,9701.49,133377.589,517523
1595721600,9701.54,10300.0,9655.2,9939.69,261998.786,811567
1595808000,9939.68,11488.0,9928.61,11047.58,744752.4,2085818
1595894400,11047.58,11270.0,10580.0,10919.94,499486.679,1527878
1595980800,10919.94,11364.8,10844.34,11113.03,356188.761,1016186
1596067200,11113.01,11195.52,10826.55,11111.96,230327.988,705335
1596153600,11111.97,11450.42,10971.78,11343.68,307399.731,843301
1596240000,11343.67,11887.45,11201.0,11811.42,386322.642,1058421
1596326400,11811.43,12154.25,10490.0,11079.72,492803.351,1353476
1596412800,11080.7,11483.0,10923.0,11227.07,238654.591,698614
1596499200,11227.07,11427.38,11025.0,11200.05,200044.934,628935
1596585600,11200.06,11798.56,11103.0,11752.5,263510.011,770746
1596672000,11752.5,11916.02,11571.78,11770.56,236459.595,701917
1596758400,11769.97,11920.0,11318.93,11596.06,273935.127,861575
1596844800,11596.26,11819.0,11513.69,11765.72,154707.303,578295
1596931200,11765.72,11811.0,11526.9,11685.99,125463.463,506961
1597017600,11685.99,12100.0,11384.9,11896.89,290418.014,911232
1597104000,11896.86,11944.0,11127.0,11392.64,336861.638,1084362
1597190400,11392.64,11630.0,11140.0,11568.36,213799.491,757273
1597276800,11568.37,11798.0,11272.0,11790.0,248214.725,885018
1597363200,11790.0,11868.42,11644.6,11767.89,159019.959,584032
1597449600,11767.89,11993.58,11682.0,11859.04,222262.987,785891
1597536000,11858.91,11945.0,11688.0,11921.23,165733.721,639729
1597622400,11921.32,12499.42,11780.0,12298.06,331435.112,1161367
1597708800,12298.06,12403.0,11810.0,11960.79,291349.888,981973
1597795200,11962.03,12037.05,11574.78,11763.87,313267.066,1046341
1597881600,11763.88,11888.0,11676.03,11857.92,130981.044,543754
1597968000,11858.53,11882.68,11491.0,11538.53,195106.536,736783
1598054400,11538.53,11689.08,11385.06,11670.47,126696.73,523937
1598140800,11670.48,11724.0,11522.15,11654.0,95608.033,435619
1598227200,11654.0,11831.96,11595.0,11753.3,108781.125,483641
1598313600,11753.29,11770.0,11130.0,11327.17,267234.771,857056
1598400000,11327.18,11548.68,11255.95,11466.22,170305.024,589715
1598486400,11466.22,11593.0,11130.82,11335.53,253778.342,836864
1598572800,11335.83,11544.88,11283.19,11526.85,129477.627,540434
1598659200,11526.85,11582.0,11419.34,11466.66,83715.229,363971
1598745600,11466.27,11724.12,11457.88,11714.14,113266.672,432138
1598832000,11714.13,11784.21,11575.78,11658.11,127272.378,479728
1598918400,11658.11,12061.07,11531.34,11930.18,211680.828,688502
1599004800,11930.17,11961.0,11156.0,11396.96,280411.964,905753
1599091200,11396.44,11475.0,9901.16,10141.08,487812.737,1372974
1599177600,10141.4,10635.77,9878.65,10448.0,432563.841,1249839
1599264000,10448.0,10567.87,9808.58,10168.71,399307.282,1315104
1599350400,10168.23,10348.97,10003.0,10258.13,190207.654,771859
1599436800,10258.13,10420.55,9879.68,10378.76,258476.949,969133
1599523200,10379.3,10443.79,9842.01,10129.02,317802.322,1173460
1599609600,10130.0,10346.0,9981.13,10219.29,151222.689,640882
1599696000,10219.29,10484.6,10211.67,10335.91,187667.873,688022
1599782400,10335.91,10397.85,10200.8,10387.81,135929.303,541085
1599868800,10387.81,10477.7,10271.0,10438.28,97429.037,438259
1599955200,10438.29,10580.0,10209.01,10327.72,159021.843,556241
1600041600,10327.72,10746.06,10241.57,10664.1,205260.236,713135
1600128000,10664.1,10923.42,10592.0,10776.78,247657.23,786180
1600214400,10776.88,11089.08,10661.9,10948.17,252881.019,840472
1600300800,10948.16,11040.0,10740.0,10935.33,186484.361,658642
1600387200,10935.97,11035.0,10810.1,10926.29,136028.351,548421
1600473600,10926.3,11177.0,10880.0,11073.74,126239.232,537084
1600560000,11073.2,11073.9,10751.0,10914.28,150450.562,556991
1600646400,10915.52,10980.69,10281.0,10414.73,333047.145,1017541
1600732800,10414.73,10574.08,10353.1,10523.32,179900.686,628666
1600819200,10523.32,10531.94,10132.21,10237.91,203027.542,718731
1600905600,10237.91,10837.27,10191.0,10724.92,241646.573,849084
1600992000,10724.91,10754.29,10551.56,10683.51,170930.773,658581
1601078400,10683.5,10827.8,10642.23,10726.5,109340.491,553316
1601164800,10726.5,10793.5,10584.0,10768.0,123440.716,540964
1601251200,10768.0,11024.0,10627.19,10691.45,187105.377,652011
1601337600,10691.94,10863.94,10631.49,10836.98,146888.319,560608
1601424000,10836.99,10845.99,10660.05,10773.0,132834.116,527339
1601510400,10773.0,10935.14,10442.0,10612.63,253619.622,794540
1601596800,10612.62,10660.0,10371.03,10565.15,224747.037,764820
1601683200,10565.44,10596.0,10491.11,10537.96,76315.911,434460
1601769600,10537.96,10694.0,10514.0,10660.16,90912.105,492034
1601856000,10660.16,10792.0,10608.9,10785.0,130589.137,593867
1601942400,10784.99,10792.0,10510.66,10593.65,184895.25,699471
1602028800,10593.65,10675.0,10540.29,10658.75,106700.522,502888
1602115200,10658.75,10958.0,10523.0,10919.45,207938.861,754390
1602201600,10919.45,11110.0,10818.44,11050.47,154336.818,640685
1602288000,11050.46,11494.0,11050.46,11294.79,199398.012,731572
1602374400,11294.78,11450.73,11273.77,11369.59,146323.076,587941
1602460800,11369.59,11732.0,11157.0,11530.36,254217.203,781051
1602547200,11530.37,11562.0,11308.0,11419.36,199115.115,693780
1602633600,11419.36,11550.0,11280.5,11417.13,192936.97,694620
1602720000,11417.12,11649.48,11250.0,11502.0,215260.399,768321
1602806400,11502.0,11538.92,11175.0,11318.92,212339.085,725825
1602892800,11319.51,11424.09,11250.0,11356.25,95892.966,459443
1602979200,11356.25,11529.93,11342.54,11501.1,92472.191,444193
1603065600,11501.5,11830.0,11404.01,11745.0,230161.648,770332
1603152000,11744.99,12045.78,11673.0,11900.03,312811.802,1059398
1603238400,11900.03,13240.0,11876.0,12796.07,591963.069,1870576
1603324800,12796.06,13188.27,12675.5,12968.87,343851.666,1232587
1603411200,12970.39,13043.0,12725.04,12925.82,237042.526,897416
1603497600,12925.82,13177.59,12871.07,13110.88,176146.631,801400
1603584000,13110.88,13369.0,12715.0,13023.81,206012.652,889235
1603670400,13024.21,13240.0,12729.0,13047.24,316503.296,1105825
1603756800,13047.24,13787.83,13041.3,13629.38,411509.506,1299183
1603843200,13629.89,13863.0,12876.0,13256.17,476993.789,1564676
1603929600,13255.79,13637.22,12965.0,13446.65,355352.336,1247634
1604016000,13446.65,13665.65,13100.0,13549.12,349890.573,1245765
1604102400,13549.12,14140.0,13403.36,13783.73,357853.23,1344037
1604188800,13783.73,13891.52,13605.9,13752.86,198395.231,885249
1604275200,13752.87,13823.75,13195.0,13540.54,327991.768,1222326
1604361600,13541.55,14070.0,13276.33,14016.55,348730.51,1303446
1604448000,14016.55,14280.0,13512.0,14134.31,451433.42,1677175
1604534400,14134.32,15777.0,14088.01,15598.75,717489.697,2418730
1604620800,15598.74,15984.2,15177.0,15590.96,559380.06,2067927
1604707200,15590.95,15774.0,14350.0,14824.34,457582.681,1783469
1604793600,14824.33,15678.0,14710.0,15473.2,290616.393,1188596
1604880000,15473.2,15869.0,14822.0,15328.72,474181.983,1801578
1604966400,15328.72,15474.17,15071.0,15294.68,244073.495,1109192
1605052800,15294.68,16000.0,15274.89,15690.24,330772.852,1387218
1605139200,15690.24,16345.0,15437.7,16289.02,471759.126,1927371
1605225600,16289.01,16479.99,15955.6,16320.54,306656.359,1405591
1605312000,16320.54,16326.82,15700.0,16064.51,266206.937,1235238
1605398400,16064.51,16161.23,15768.0,15952.27,210318.453,1160914
1605484800,15951.93,16882.0,15862.0,16707.07,342459.329,1452989
1605571200,16707.0,17890.1,16550.0,17670.01,524094.697,2012288
1605657600,17670.01,18520.0,17215.03,17788.32,732937.097,2750334
1605744000,17788.32,18200.0,17347.27,17811.68,406500.977,1642647
1605830400,17811.68,18831.6,17748.92,18664.31,407926.802,1699255
1605916800,18662.85,18986.0,18302.08,18721.99,342412.49,1467289
1606003200,18721.99,18780.0,17645.98,18435.2,373779.417,1611056
1606089600,18434.17,18812.65,18013.97,18382.07,364221.378,1558298
1606176000,18382.07,19440.0,18000.0,19179.64,477968.289,2009567
1606262400,19178.53,19554.19,18509.12,18741.67,426276.99,1821978
1606348800,18741.66,18940.69,16181.0,17155.34,850692.856,3571835
1606435200,17155.37,17465.0,16444.83,17144.1,398072.933,1639548
1606521600,17144.11,17880.0,16865.78,17717.74,268833.749,1129925
1606608000,17717.74,18343.0,17523.0,18181.09,256024.006,1125785
1606694400,18180.43,19944.0,18178.82,19720.0,500482.574,2089768
1606780800,19722.09,19956.0,18050.0,18772.7,553885.333,2558348
1606867200,18770.33,19365.0,18329.58,19207.01,335717.482,1606530
1606953600,19207.01,19640.0,18865.0,19434.3,245020.576,1272309
1607040000,19432.66,19537.16,18570.0,18664.2,276271.939,1376095
1607126400,18662.72,19203.46,18510.0,19147.62,165912.647,946103
1607212800,19147.63,19449.1,18855.35,19375.02,176004.606,943780
1607299200,19375.0,19446.36,18908.66,19172.88,169402.371,926894
1607385600,19172.87,19319.38,18133.33,18319.32,280714.132,1351027
1607472000,18319.33,18639.7,17650.0,18537.98,353123.689,1673883
1607558400,18537.97,18550.0,17916.0,18253.51,233960.241,1241586
1607644800,18254.0,18290.44,17555.0,18031.47,317866.07,1563578
1607731200,18031.71,18950.0,18012.21,18800.0,196962.282,1080853
1607817600,18800.0,19432.0,18705.46,19175.07,239760.089,1182585
1607904000,19175.06,19355.35,19004.72,19270.7,181555.823,1063827
1607990400,19270.71,19598.0,19039.64,19424.91,248744.054,1313847
1608076800,19424.9,21600.0,19274.55,21346.8,459302.012,2298208
1608163200,21346.81,23888.04,21231.5,22816.99,823435.821,4179029
1608249600,22816.99,23330.0,22363.94,23124.35,305997.222,1812455
1608336000,23124.35,24281.61,22735.81,23847.28,337535.438,1930474
1608422400,23847.28,24376.0,23076.25,23472.96,322289.774,1951223
1608508800,23472.96,24145.0,21920.0,22730.1,476456.589,2612726
1608595200,22736.05,23850.0,22387.0,23826.99,326124.313,1923785
1608681600,23826.74,24235.42,22572.52,23238.27,394754.939,2386530
1608768000,23237.73,23819.81,22700.0,23737.44,237754.257,1532684
1608854400,23738.75,24827.64,23450.0,24730.0,284523.431,1821407
1608940800,24729.99,26926.0,24507.24,26508.83,367265.555,2300815
1609027200,26508.84,28459.84,25850.0,26305.64,540264.148,3325654
1609113600,26301.76,27538.82,26117.1,27102.66,267563.468,1946973
1609200000,27101.45,27441.73,25913.01,27402.83,260759.449,1833178
1609286400,27402.83,29063.72,27401.0,28906.99,374737.655,2363568
1609372800,28906.99,29376.7,27848.0,28951.68,313648.835,2151517
1609459200,28948.19,29668.86,28627.12,29337.16,210716.398,1511793
1609545600,29337.15,33480.0,28958.24,32199.91,545541.08,3514545
1609632000,32198.41,34832.25,32000.02,33054.53,487486.989,3325307
1609718400,33053.93,33653.56,27800.0,32031.07,506128.023,3470951
1609804800,32029.55,34500.0,29900.0,33999.52,433720.833,3077140
1609891200,33999.51,37037.51,33356.46,36823.68,444019.83,3343780
1609977600,36825.77,40565.62,36337.36,39498.92,520147.908,3936708
1610064000,39498.32,42125.51,36539.77,40637.23,518080.826,4247011
1610150400,40638.91,41539.88,38733.28,40136.04,260882.805,2489926
1610236800,40136.05,41412.12,35268.0,38221.67,436759.048,3699058
1610323200,38200.01,38322.18,30448.0,35408.46,906275.651,7483656
1610409600,35406.92,36693.44,32600.0,34056.9,449065.693,4292644
1610496000,34065.53,37880.0,32420.0,37421.07,398188.088,3801367
1610582400,37416.34,40189.39,36764.33,39163.31,353142.386,3501513
1610668800,39163.31,39790.0,34478.0,36755.24,437610.113,4212641
1610755200,36755.25,38000.0,35366.0,36025.66,301102.477,3011057
1610841600,36025.65,36898.0,33863.5,35869.83,287686.129,2832554
1610928000,35875.72,37547.94,34808.47,36686.86,253386.703,2509593
1611014400,36690.0,37961.0,35850.0,35891.03,257889.419,2463060
1611100800,35891.74,36461.44,33403.0,35500.0,329192.419,3069181
1611187200,35499.23,35636.17,30069.9,30879.97,550562.277,4767974
1611273600,30875.77,33831.52,28880.0,32986.34,453568.538,4072699
1611360000,32990.08,33495.0,31405.0,32086.48,256776.411,2533905
1611446400,32086.48,33125.75,30914.2,32275.63,212107.044,2205550
1611532800,32274.88,34880.0,31921.47,32253.68,316687.524,2871028
1611619200,32253.68,32950.0,30810.0,32474.14,346861.707,3088089
1611705600,32474.81,32562.2,29240.0,30381.04,431022.839,3665833
1611792000,30382.96,33778.95,29843.33,33399.75,311528.373,2824829
1611878400,33399.99,38641.1,31960.0,34269.35,713579.785,5920737
1611964800,34267.04,34988.88,32849.06,34289.85,267861.872,2754794
1612051200,34284.76,34393.22,32193.04,33126.21,211293.891,2233259
1612137600,33125.11,34720.0,32322.47,33546.09,240632.325,2421173
1612224000,33546.08,36041.0,33450.0,35504.06,239856.23,2345193
1612310400,35504.07,37700.0,35410.0,37652.51,240308.078,2331826
1612396800,37651.92,38833.0,36233.0,36976.93,306715.022,2825262
1612483200,36975.19,38411.82,36586.68,38362.65,196277.444,2144343
1612569600,38357.17,40992.4,38269.0,39249.54,310826.315,3050313
1612656000,39249.53,39757.87,37403.27,38849.25,296721.925,2896234
1612742400,38849.24,47146.0,38037.0,46451.32,440167.093,4374347
1612828800,46451.32,48266.36,45057.65,46492.54,381477.426,3957333
1612915200,46492.53,47475.0,43770.0,44850.0,334979.017,3259151
1613001600,44850.0,48810.0,44038.97,48060.21,330540.045,3326357
1613088000,48060.21,49278.98,46121.0,47361.03,259186.288,2862051
1613174400,47364.0,48290.0,46252.1,47221.62,199965.397,2253613
1613260800,47221.63,49875.16,47093.16,48655.21,241935.666,2598883
1613347200,48655.21,49100.0,45349.21,47981.58,248960.404,2721739
1613433600,47981.6,50953.44,47101.02,49197.94,343592.011,3477742
1613520000,49197.93,52800.0,49029.62,52194.62,312007.458,3332737
1613606400,52194.62,52640.0,50948.0,51619.7,185489.89,2199927
1613692800,51612.46,56582.0,50800.0,56004.1,257911.872,2913704
1613779200,56005.85,57699.0,53905.0,55917.41,240296.308,2830372
1613865600,55908.45,58472.14,55564.5,57487.43,196820.573,2277504
1613952000,57475.5,57591.87,47751.42,54121.1,480660.187,4903878
1614038400,54125.55,54260.12,44893.82,48930.0,748737.462,8009736
1614124800,48930.01,51435.58,47000.0,49702.03,333415.219,3748411
1614211200,49702.05,52134.96,46685.43,47089.37,349943.016,3922104
1614297600,47087.97,48438.01,44100.0,46313.13,440670.32,4687978
1614384000,46313.12,48476.05,44926.77,46102.63,256027.074,2956397
1614470400,46097.09,46678.0,43002.05,45163.36,370358.825,4080209
1614556800,45162.64,49800.0,44972.49,49592.7,315659.931,3611436
1614643200,49594.99,50221.77,47058.06,48450.57,273100.435,2970983
1614729600,48454.21,52681.51,48110.66,50373.75,350311.234,3781970
1614816000,50373.75,51800.0,47500.0,48385.77,387428.957,4199301
1614902400,48385.77,49470.0,46320.0,48770.57,354602.756,3864290
1614988800,48772.68,49253.63,47090.0,48908.21,215092.91,2557063
1615075200,48908.21,51480.0,48908.21,50995.27,248398.116,2883079
1615161600,50991.35,52450.0,49310.0,52429.43,308339.866,3279581
1615248000,52429.43,54950.0,51880.0,54917.78,285604.798,3312320
1615334400,54917.78,57500.92,53061.0,55947.98,401159.493,4457083
1615420800,55949.3,58283.0,54356.44,57844.52,364681.318,4355363
1615507200,57842.64,58186.33,55074.3,57291.03,335495.042,4054963
1615593600,57291.04,61950.0,56136.0,61267.41,320322.173,3901445
1615680000,61267.41,61798.0,59005.0,59037.12,231991.901,2783273
1615766400,59037.11,60740.0,54517.28,55646.61,448820.83,4839296
1615852800,55646.61,56988.0,53335.0,56954.19,339718.202,4041818
1615939200,56953.23,59078.79,54154.93,58959.0,339397.712,3916228
1616025600,58959.01,60510.0,57072.0,57700.01,305100.026,3505186
1616112000,57700.01,59550.0,56301.27,58089.11,259039.479,3136922
1616198400,58089.11,59948.0,57881.0,58145.61,203680.149,2543381
1616284800,58144.44,58638.7,55403.55,57415.18,237518.696,2940088
1616371200,57415.19,58500.0,53635.81,54129.56,293062.947,3557593
1616457600,54129.56,55890.68,52981.4,54400.0,276199.041,3202573
1616544000,54400.0,57234.79,51666.0,52311.54,394172.526,4140709
1616630400,52307.89,53255.2,50452.08,51325.21,416848.091,4302154
1616716800,51325.21,55123.0,51260.0,55030.0,271957.842,2948225
1616803200,55030.0,56658.76,54001.0,55828.0,234435.346,2589316
1616889600,55828.0,56588.31,54694.91,55805.08,200603.768,2260517
1616976000,55804.16,58490.11,54931.15,57677.64,277215.268,3043409
1617062400,57676.14,59560.0,57110.0,58794.16,232824.065,2568718
1617148800,58794.17,59920.0,56812.0,58807.24,337038.349,3429371
1617235200,58810.99,59592.22,58002.0,58794.01,196332.114,2133428
1617321600,58797.56,60397.85,58490.03,59031.36,189391.958,2130064
1617408000,59028.99,59925.0,56900.0,57134.65,198636.171,2247303
1617494400,57134.65,58553.0,56517.23,58234.61,152454.122,1778714
1617580800,58234.61,59385.0,56808.94,59243.39,174338.646,2011408
1617667200,59243.4,59626.18,57500.0,58059.99,165562.029,1949118
1617753600,58060.0,58720.0,55536.07,56018.18,265271.707,2888669
1617840000,56018.17,58200.0,55759.13,58122.26,161389.858,1886407
1617926400,58122.93,58950.0,57700.0,58176.03,141690.144,1631493
1618012800,58176.04,61800.0,57943.95,59832.43,240907.592,2568013
1618099200,59832.43,60816.88,59304.02,60090.2,148499.824,1746745
1618185600,60093.26,61449.91,59500.0,59911.18,196147.561,2141177
1618272000,59911.19,63850.0,59873.01,63649.71,279389.492,2892252
1618358400,63645.05,64986.11,61404.0,63019.1,323454.88,3346550
1618444800,63018.34,63905.83,62157.89,63232.55,178604.198,2024715
1618531200,63232.56,63600.0,60100.0,61424.67,255765.893,2804338
1618617600,61424.67,62610.0,59620.0,60090.14,194112.299,2207548
1618704000,60090.14,60450.0,50050.0,56140.05,522006.276,6123918
1618790400,56140.05,57532.7,54200.0,55634.39,285041.716,3236025
1618876800,55634.38,57060.0,53330.82,56410.56,324494.085,3582497
1618963200,56411.25,56756.78,53610.0,53800.0,252601.972,2845696
1619049600,53794.72,55470.51,50534.34,51714.61,453489.185,4873286
1619136000,51714.62,52152.0,47546.16,51122.62,554666.026,6054609
1619222400,51122.63,51183.51,48690.0,50092.4,299663.131,3282516
1619308800,50094.27,50577.9,46930.43,49063.94,310306.501,3435937
1619395200,49063.94,54364.89,48763.0,53984.33,390494.148,4041188
1619481600,53984.34,55500.0,53225.14,55006.25,225440.361,2477387
1619568000,55006.25,56574.13,53852.0,54861.77,263170.559,2888503
1619654400,54861.76,55222.02,52350.0,53558.8,257045.19,2688481
1619740800,53558.57,57935.0,53043.62,57684.16,294683.751,3019948
1619827200,57688.29,58488.17,57051.23,57836.34,207854.398,2169172
1619913600,57836.35,57959.97,56100.0,56630.33,203712.515,2158896
1620000000,56630.34,59056.59,56500.65,57214.83,271733.972,2777144
1620086400,57214.84,57253.76,53094.59,53263.32,388988.754,4022066
1620172800,53263.32,57940.0,52880.38,57497.77,317811.705,3168133
1620259200,57497.76,58450.0,55297.91,56435.35,275471.204,2863753
1620345600,56435.35,58800.0,55300.0,57350.88,256159.504,2804212
1620432000,57350.89,59590.96,56961.25,58924.98,264906.729,2983532
1620518400,58926.36,59335.19,56316.0,58292.53,245954.014,2634641
1620604800,58292.53,59654.0,53250.0,55869.67,396237.133,4094344
1620691200,55869.41,56908.66,54541.33,56710.43,267226.104,2884389
1620777600,56712.7,58049.99,48503.74,49595.76,472329.152,4959229
1620864000,49596.75,51358.0,45596.32,49707.9,652476.689,7526904
1620950400,49706.27,51533.0,48870.41,49873.27,319069.002,3217006
1621036800,49873.26,50709.43,46584.32,46793.41,442023.496,4479965
1621123200,46794.62,49829.39,43866.0,46429.28,604537.63,6085883
1621209600,46429.28,46655.0,42151.0,43566.18,809129.365,8158638
1621296000,43565.11,45846.61,42268.0,42882.53,590358.592,5914414
1621382400,42882.54,43615.93,28688.0,36689.14,1373851.849,14748747
1621468800,36689.14,42460.0,34882.0,40500.3,775185.113,9532573
1621555200,40500.0,42270.42,33400.0,37211.02,930671.747,10769140
1621641600,37210.01,38851.34,35201.11,37432.58,588166.784,6992444
1621728000,37436.0,38261.71,31096.7,34651.6,996815.017,11641510
1621814400,34656.53,39917.09,34366.0,38779.66,707903.071,7477510
1621900800,38783.58,39790.05,36439.32,38326.84,598836.411,6334066
1621987200,38326.84,40900.0,37804.76,39224.2,577032.81,5587876
1622073600,39224.21,40438.82,37133.22,38527.38,543338.566,5251225
1622160000,38527.38,38888.35,34689.57,35670.99,832363.425,7510187
1622246400,35670.99,37375.0,33650.0,34611.94,733902.825,7000689
1622332800,34611.95,36501.0,33356.0,35651.81,511834.746,4973296
1622419200,35651.8,37500.0,34150.0,37243.38,635082.121,5580461
1622505600,37244.36,37893.76,35500.0,36693.41,590822.54,5297320
1622592000,36694.37,38232.99,35905.0,37569.99,441719.806,4080217
1622678400,37570.0,39470.0,37150.15,39247.4,507429.005,4505482
1622764800,39247.4,39297.35,35552.51,36828.03,700625.866,6025185
1622851200,36828.03,37900.49,34800.0,35498.62,631028.448,5611429
1622937600,35497.93,36521.16,35201.86,35801.71,443601.064,3944742
1623024000,35801.71,36820.0,33200.0,33550.96,636735.873,5458401
1623110400,33550.97,34061.57,30969.0,33372.58,976693.026,8000201
1623196800,33372.58,37511.31,32390.0,37368.45,1031014.087,8470399
1623283200,37369.99,38489.0,35750.0,36669.66,803185.699,6960056
1623369600,36669.65,37679.54,35900.0,37300.42,586122.898,5557717
1623456000,37300.41,37432.95,34585.9,35537.05,623532.476,5782385
1623542400,35535.95,39374.18,34739.06,38993.65,647035.314,6085040
1623628800,38993.66,41000.0,38720.0,40489.1,704979.881,6811137
1623715200,40489.1,41413.0,39500.0,40132.86,632066.994,5854306
1623801600,40132.86,40495.0,38105.0,38344.97,673235.496,6317711
1623888000,38344.97,39565.0,37334.76,38060.71,603849.861,5362882
1623974400,38060.71,38198.0,35100.0,35811.41,790379.249,6722621
1624060800,35811.41,36471.8,34704.08,35483.0,642185.382,5504522
1624147200,35483.01,36155.0,33312.0,35588.64,829896.441,6811270
1624233600,35588.63,35746.28,31250.51,31606.0,1397330.662,11529993
1624320000,31606.0,33274.0,28780.01,32496.0,1531824.85,12592839
1624406400,32496.0,34867.77,31711.5,33649.0,960700.369,8005763
1624492800,33650.0,35406.74,32300.0,34644.64,774899.165,6393985
1624579200,34644.65,35500.0,31250.0,31568.07,1093051.375,8575198
1624665600,31569.18,32720.52,30120.0,32255.56,1091384.749,8830795
1624752000,32250.15,34762.0,31960.0,34687.71,897147.453,7266511
1624838400,34687.71,35279.38,33855.0,34487.22,706158.545,6016466
1624924800,34486.58,36623.0,34206.0,35911.26,806140.329,6564763
1625011200,35910.64,36089.96,34042.74,35031.39,719742.983,5747819
1625097600,35031.39,35044.98,32672.04,33489.96,758966.493,5725261
1625184000,33489.96,33960.0,32684.0,33760.94,664923.202,5408686
1625270400,33760.94,34948.16,33296.98,34652.94,510614.258,3994573
1625356800,34653.32,35955.55,34340.75,35280.16,451001.556,3486378
1625443200,35280.17,35281.55,33032.0,33672.72,736706.409,5192876
1625529600,33672.72,35120.0,33500.0,34206.01,644229.007,5169120
1625616000,34206.0,35089.56,33756.48,33845.64,456218.909,4023843
1625702400,33845.63,33910.0,32066.0,32852.04,650317.664,5260499
1625788800,32855.0,34100.0,32250.0,33805.01,485662.879,4150223
1625875200,33805.01,34248.58,33010.0,33497.98,410271.979,3501607
1625961600,33497.98,34629.62,33306.03,34253.81,343905.35,3000523
1626048000,34253.88,34662.73,32650.0,33070.87,502747.758,4018132
1626134400,33070.86,33336.0,32186.99,32709.09,466567.713,3656943
1626220800,32708.66,33176.47,31556.02,32803.01,521140.41,4012431
1626307200,32803.0,33170.0,31140.0,31866.43,539111.667,4036910
1626393600,31865.53,32245.0,31018.59,31382.95,516577.743,3914018
1626480000,31382.96,31945.0,31150.02,31496.65,422650.418,3259417
1626566400,31496.65,32435.93,31075.1,31767.0,412189.401,3159782
1626652800,31765.23,31890.0,30358.77,30823.62,486305.627,3696993
1626739200,30823.62,31050.0,29242.24,29775.9,602688.19,4318098
1626825600,29775.89,32883.9,29472.41,32120.0,787077.39,5398212
1626912000,32120.0,32583.48,31700.0,32268.11,397258.936,3291672
1626998400,32268.12,33650.0,31970.82,33634.46,404650.016,3284595
1627084800,33631.74,34471.0,33379.81,34230.0,376046.028,3121090
1627171200,34230.0,35400.0,33812.0,35370.66,404114.844,3362822
1627257600,35370.67,48168.6,35185.49,37218.09,1162332.857,9156876
1627344000,37218.09,39546.34,36384.31,39442.33,675104.157,5881831
1627430400,39448.06,40894.0,38753.0,40003.08,736196.234,6959669
1627516800,40003.08,40665.0,39203.83,40012.9,463917.872,4559744
1627603200,40012.89,42316.6,38320.0,42203.25,561474.309,5291572
1627689600,42202.6,42494.0,41030.19,41448.11,381521.899,3846882
1627776000,41448.1,42614.98,39350.4,39846.78,487529.044,4662543
1627862400,39846.78,40450.0,38658.0,39147.48,451872.128,4318497
1627948800,39147.47,39774.93,37600.0,38203.26,517219.517,4801837
1628035200,38201.33,39975.32,37500.0,39731.31,479560.473,4413240
1628121600,39731.31,41350.0,37291.0,40882.4,746249.712,6512116
1628208000,40882.39,43400.0,39849.82,42825.43,653451.154,6108565
1628294400,42825.43,44753.01,42395.2,44601.11,583750.891,5973520
1628380800,44601.11,45350.0,43265.0,43787.71,553684.698,5639557
1628467200,43787.71,46483.0,42785.0,46259.7,626220.503,6262199
1628553600,46259.7,46800.0,44670.05,45589.99,460478.861,4679043
1628640000,45589.99,46754.27,45354.0,45522.12,390660.571,3948283
1628726400,45522.13,46226.67,43800.0,44385.09,468276.056,4731727
1628812800,44385.09,47980.69,44208.88,47792.52,438025.46,4397367
1628899200,47792.52,48300.0,46000.0,47083.74,374368.796,3874327
1628985600,47083.75,47388.75,45480.0,47006.02,370950.807,3856811
1629072000,47006.02,48074.23,45682.03,45926.23,412537.605,4045954
1629158400,45926.23,47194.0,44412.01,44704.84,474316.4,4617189
1629244800,44704.85,46050.0,44227.32,44714.09,395836.158,4068589
1629331200,44714.09,47100.0,43938.38,46772.0,439402.162,4289786
1629417600,46772.0,49500.0,46650.0,49332.74,401499.081,3984145
1629504000,49332.99,49833.0,48250.0,48848.29,347594.451,3387346
1629590400,48846.11,49556.2,48075.81,49273.28,294672.223,2925925
1629676800,49273.28,50600.0,49075.01,49523.91,355733.496,3345792
1629763200,49523.23,49888.88,47600.0,47719.36,398682.002,3585585
1629849600,47719.37,49297.8,47130.57,48992.65,389100.384,3410366
1629936000,48992.65,49380.0,46280.0,46853.06,475183.123,4109457
1630022400,46854.22,49220.0,46359.97,49083.98,403667.012,3627060
1630108800,49082.13,49333.0,48395.65,48931.99,222793.024,2305599
1630195200,48931.99,49769.2,47741.31,48795.41,315105.499,2921430
1630281600,48795.42,48916.25,46876.49,47024.7,351830.754,3200639
1630368000,47024.69,48298.0,46731.03,47150.32,365548.209,3297842
1630454400,47150.32,49160.79,46550.99,48842.94,350108.374,3281474
1630540800,48842.93,50420.0,48631.2,49299.14,361863.055,3429775
1630627200,49299.14,51111.0,48333.0,50027.08,430326.386,3937764
1630713600,50027.09,50582.08,49360.0,49940.74,274956.842,2715890
1630800000,49942.2,51950.0,49462.59,51799.57,288984.124,2959186
1630886400,51799.56,52830.0,51040.0,52683.97,297734.284,2960058
1630972800,52683.98,52950.0,42088.0,46864.39,764140.139,6793714
1631059200,46864.38,47347.0,44431.0,46062.29,435803.011,4352909
1631145600,46060.02,47400.0,45500.0,46413.88,309015.75,3136000
1631232000,46413.88,47037.5,44120.0,44860.83,343533.069,3380700
1631318400,44860.83,45999.0,44737.4,45193.78,194144.115,2214791
1631404800,45194.19,46512.2,44746.51,46046.73,223534.63,2321178
1631491200,46048.02,46933.89,43323.93,44975.96,448942.068,4145907
1631577600,44975.96,47272.98,44692.9,47087.18,277925.721,2897568
1631664000,47087.18,48440.93,46675.0,48106.12,244226.37,2516058
1631750400,48106.13,48488.0,47038.21,47745.55,260044.727,2620820
1631836800,47745.55,48150.0,46750.0,47303.11,226193.34,2357112
1631923200,47303.11,48850.0,47044.32,48285.15,207900.413,2155659
1632009600,48284.61,48364.64,46840.0,47256.91,212631.933,2174041
1632096000,47256.92,47345.0,42467.86,43026.6,600764.629,5157870
1632182400,43026.61,43629.6,39503.58,40726.1,683242.002,5802228
1632268800,40727.83,43989.98,40551.49,43520.0,400849.752,3884352
1632355200,43520.0,44976.48,43056.0,44828.29,330253.525,3230032
1632441600,44828.29,45134.33,40650.0,42798.49,608595.52,5382969
1632528000,42798.49,42950.0,41630.26,42651.58,277084.795,2664046
1632614400,42646.84,43940.0,40725.01,43150.0,354393.916,3234331
1632700800,43150.01,44350.0,42059.13,42122.69,285311.606,2858510
1632787200,42122.69,42749.0,40854.0,41006.32,359745.538,3336982
1632873600,41002.96,42576.8,40708.73,41499.71,293307.589,2890161
1632960000,41499.7,44100.0,41387.78,43796.57,389185.646,3595137
1633046400,43799.49,48450.0,43260.01,48123.94,449491.768,4182441
1633132800,48123.93,48338.68,47410.0,47626.61,182565.988,2094016
1633219200,47626.62,49304.12,47071.26,48187.3,212410.375,2555217
1633305600,48187.99,49544.48,46885.29,49198.22,324424.837,3491003
1633392000,49199.78,51888.0,49009.21,51455.12,314043.813,3327967
1633478400,51460.22,56416.02,50410.0,55321.6,418731.748,4406727
1633564800,55327.45,55337.8,53374.34,53814.99,262974.545,3228490
1633651200,53814.99,56208.73,53647.3,53975.0,255210.035,3022362
1633737600,53974.99,55589.0,53656.66,54960.77,167495.393,2142375
1633824000,54960.79,56789.0,54101.0,54700.0,289072.818,3209899
1633910400,54700.0,57880.0,54458.0,57500.01,314868.05,3488893
1633996800,57500.01,57756.52,53750.0,56011.84,349147.775,3760362
1634083200,56011.83,57822.38,54271.24,57393.65,327714.318,3544345
1634169600,57393.65,58586.67,56800.0,57378.19,254719.751,3039506
1634256000,57377.12,63997.61,56900.0,61702.33,493366.513,5189976
1634342400,61702.33,62444.23,60220.0,60925.56,213251.899,2733733
1634428800,60925.56,61796.47,58850.0,61571.45,240132.514,2991800
1634515200,61571.45,62800.0,59897.61,62037.92,333278.481,3859785
1634601600,62037.92,64500.0,61300.0,64316.7,379243.718,4058114
1634688000,64314.75,67150.0,63518.81,66064.24,324737.868,3807997
1634774400,66064.25,66750.0,62000.0,62260.33,478610.458,5154202
1634860800,62260.33,63796.2,60011.9,60734.27,350359.527,3806113
1634947200,60734.28,61780.0,59622.0,61325.11,222553.478,2490240
1635033600,61325.09,61550.0,59504.46,60902.82,245816.821,2594160
1635120000,60902.82,63795.98,60701.0,63127.04,234201.1,2616705
1635206400,63129.25,63362.06,59838.05,60358.75,252256.924,2733730
1635292800,60358.74,61550.0,57865.0,58449.36,329112.396,3358588
1635379200,58449.36,62641.26,57550.0,60622.03,333323.116,3473122
1635465600,60622.02,63069.71,60222.0,62308.22,218355.773,2463370
1635552000,62308.21,62415.85,60631.23,61895.19,156041.523,1843670
1635638400,61895.19,62462.99,60008.0,61348.61,183599.524,1990247
1635724800,61347.14,62543.58,59400.0,60942.87,246158.361,2574208
1635811200,60942.87,64349.55,60659.58,63266.69,217592.062,2578549
1635897600,63266.69,63613.0,60300.0,62946.45,211190.183,2546692
1635984000,62946.45,63149.0,60703.0,61431.86,184677.079,2147665
1636070400,61433.9,62671.48,60762.0,61006.0,157569.637,2048592
1636156800,61006.0,61645.75,60100.0,61511.3,154919.118,1861601
1636243200,61511.3,63377.58,61368.26,63316.4,142878.208,1799395
1636329600,63316.4,67932.89,63308.7,67606.96,274932.146,3272069
1636416000,67606.96,68675.16,66300.0,67009.98,231843.834,3087341
1636502400,67010.65,69198.7,62400.51,64920.13,347835.573,4348447
1636588800,64920.13,65646.98,64147.12,64831.3,178279.275,2510140
1636675200,64831.2,65500.0,62313.0,64156.08,264576.325,3146724
1636761600,64156.08,65073.24,63430.01,64427.0,124466.493,1585473
1636848000,64426.99,65569.99,63640.0,65568.39,146424.701,1786912
1636934400,65568.38,66395.05,63351.58,63654.49,210026.602,2387155
1637020800,63654.49,63655.77,58397.14,60106.03,475025.706,4669206
1637107200,60106.03,60848.85,58336.68,60366.96,287388.873,3416114
1637193600,60366.97,60999.0,56505.48,56921.05,412021.672,4629293
1637280000,56921.04,58333.0,55604.0,58069.51,245356.121,3004657
1637366400,58069.52,59873.84,57372.0,59716.29,173697.342,2257300
1637452800,59716.28,60052.82,58518.88,58661.39,143887.271,2034106
1637539200,58648.87,59624.56,55600.0,56268.31,326184.881,3832413
1637625600,56268.31,57888.0,55250.0,57574.23,267790.325,3319305
1637712000,57574.24,57775.27,55900.0,57165.08,194683.757,2459067
1637798400,57165.09,59449.62,57029.0,58988.21,191912.653,2413373
1637884800,58988.36,59186.41,53500.0,53755.65,378650.919,4127437
1637971200,53755.66,55300.0,53640.69,54738.77,155119.117,1975864
1638057600,54738.77,57474.76,53245.0,57315.73,213600.615,2393952
1638144000,57315.72,58924.21,56715.0,57827.98,215111.466,2447845
1638230400,57827.97,59224.99,55900.0,56975.0,337624.148,3850454
1638316800,56978.06,59100.0,56500.0,57209.29,273959.104,3149322
1638403200,57209.28,57428.49,55800.0,56513.57,249985.255,2673918
1638489600,56513.56,57670.0,50604.0,53612.0,374132.016,3755786
1638576000,53611.86,53889.69,40888.89,49135.66,598774.989,5884109
1638662400,49135.66,49699.49,47755.0,49376.6,286434.382,3163309
1638748800,49373.83,50888.0,47000.0,50424.72,357711.029,3868686
1638835200,50424.72,51929.0,50012.0,50577.2,224670.618,2571721
1638921600,50577.2,51210.6,48533.33,50455.61,238229.884,2569992
1639008000,50459.61,50773.03,47312.89,47539.76,273086.086,3003376
1639094400,47539.34,50188.42,46828.23,47136.35,302974.429,3440326
1639180800,47132.31,49499.05,46724.35,49381.15,210959.992,2548340
1639267200,49379.51,50768.0,48616.16,50057.01,183434.285,2352164
1639353600,50057.02,50180.0,45600.0,46679.93,348551.322,4064300
1639440000,46679.93,48657.92,46255.6,48324.04,266213.627,3361316
1639526400,48324.0,49479.75,46518.73,48870.48,345239.891,4121320
1639612800,48870.48,49439.79,47500.0,47624.5,215874.187,2699044
1639699200,47629.1,47988.27,45373.11,46125.33,326458.135,3900693
1639785600,46125.33,47336.99,45438.43,46815.99,191006.415,2717062
1639872000,46815.99,48461.17,46399.37,46668.63,241698.541,2869025
1639958400,46668.65,47533.42,45530.67,46898.14,273804.259,3385680
1640044800,46896.82,49298.78,46650.0,48875.15,260008.358,3368367
1640131200,48875.88,49599.0,48420.02,48569.69,208463.689,2632960
1640217600,48569.69,51377.74,48020.0,50817.92,255885.48,2830824
1640304000,50817.94,51805.0,50379.25,50808.55,220208.725,2359503
1640390400,50809.37,51190.0,50105.0,50403.64,147662.438,1640853
1640476800,50403.64,51300.0,49350.0,50765.73,184800.616,1947977
1640563200,50765.73,52134.0,50450.0,50707.72,216225.263,2265011
1640649600,50707.72,50713.56,47290.0,47522.03,336083.34,3423898
1640736000,47522.02,48125.97,46000.0,46436.54,274795.378,2740566
1640822400,46436.53,47911.68,45880.0,47095.02,229931.288,2203374
1640908800,47095.02,48575.0,45650.0,46210.56,287186.003,2742753
1640995200,46210.57,47943.77,46210.55,47704.35,179433.584,1823098
1641081600,47704.35,48000.0,46605.68,47280.0,184795.093,1845244
1641168000,47280.01,47575.22,45665.4,46445.81,244781.793,2367718
1641254400,46445.8,47524.36,45445.57,45833.42,292149.75,2763606
1641340800,45833.41,47075.29,42270.0,43421.69,485477.569,4438181
1641427200,43421.7,43766.0,42385.83,43080.01,299509.851,2967072
1641513600,43080.01,43135.0,40456.56,41553.86,473214.849,4387523
1641600000,41553.87,42335.0,40500.0,41688.05,283737.224,2952768
1641686400,41688.05,42773.85,41170.0,41851.22,223134.952,2349047
1641772800,41851.22,42219.84,39610.0,41801.55,453644.116,4253158
1641859200,41801.55,43118.0,41255.0,42700.68,323760.691,3210875
1641945600,42700.69,44300.0,42415.0,43880.72,281339.294,2653237
1642032000,43880.72,44396.68,42301.16,42534.32,289289.18,2842230
1642118400,42538.72,43450.0,41666.0,43042.4,272517.077,2711286
1642204800,43042.4,43800.0,42530.64,43070.51,184649.157,2162077
1642291200,43070.51,43464.71,42531.69,43060.66,177450.475,2004334
1642377600,43060.66,43159.32,41523.68,42176.34,232748.345,2576335
1642464000,42176.34,42680.0,41260.0,42337.58,267472.465,2605464
1642550400,42337.58,42545.0,41115.64,41657.89,333952.095,3093452
1642636800,41656.9,43495.0,40550.0,40661.69,399818.052,3649340
1642723200,40662.06,41095.76,35380.92,36425.98,790320.909,7112977
1642809600,36426.46,36817.74,33950.0,35043.73,676272.904,6139534
1642896000,35043.73,36496.92,34588.8,36230.01,369372.903,3421563
1642982400,36230.0,37528.0,32853.83,36648.31,823000.702,7379240
1643068800,36648.3,37561.03,35693.0,36934.26,409535.517,4251175
1643155200,36934.26,38886.58,36232.42,36787.43,554457.384,5467829
1643241600,36787.42,37200.0,35471.53,37131.0,422006.922,4341962
1643328000,37131.0,38000.0,36149.02,37696.21,367509.143,3780617
1643414400,37696.22,38750.94,37252.0,38150.01,238657.764,2643842
1643500800,38150.0,38420.3,37334.83,37870.01,195029.125,2182990
1643587200,37870.0,38741.73,36620.0,38439.04,318440.392,3180130
1643673600,38439.04,39260.26,37969.0,38680.51,353354.121,3602863
1643760000,38680.51,38834.18,36529.81,36892.03,337570.934,3238066
1643846400,36892.05,37395.0,36204.3,37289.86,318656.228,3020061
1643932800,37287.33,41741.76,37011.0,41550.0,520105.77,4876035
1644019200,41550.0,41922.0,40920.0,41374.69,242184.07,2728847
1644105600,41374.68,42656.8,41100.0,42361.35,215323.95,2197115
1644192000,42361.34,44541.16,41609.76,43829.99,418053.774,4078430
1644278400,43829.99,45600.0,42641.0,44021.57,468015.421,4649391
1644364800,44021.58,44826.0,43089.08,44358.08,300270.062,3214990
1644451200,44358.09,45847.5,43136.96,43471.29,563922.075,5369837
1644537600,43471.3,43900.0,41914.23,42366.0,414646.193,4498402
1644624000,42365.99,42980.0,41540.0,42199.87,256269.325,2871604
1644710400,42199.88,42755.97,41850.0,42041.13,192068.012,2148957
1644796800,42041.12,42888.0,41526.0,42525.14,303990.933,3037236
1644883200,42525.14,44777.0,42406.23,44529.6,276735.421,2782170
1644969600,44529.7,44536.8,43277.8,43860.7,255790.287,2543753
1645056000,43860.8,44150.0,40020.1,40491.7,433958.984,4093325
1645142400,40491.8,40944.1,39422.0,39966.8,377679.782,3531150
1645228800,39966.8,40438.7,39610.3,40052.6,185624.675,1963483
1645315200,40052.6,40100.1,37905.0,38368.1,329740.444,2965260
1645401600,38367.9,39510.0,36762.0,36986.4,646391.815,5359508
1645488000,36986.4,38450.0,36310.1,38212.0,465313.497,4341079
1645574400,38212.1,39250.0,36963.2,37227.8,408056.255,3541556
1645660800,37227.9,40376.1,34303.7,38315.1,919820.907,8122647
1645747200,38316.2,39750.0,37999.2,39205.4,416316.366,4273206
1645833600,39205.4,40441.1,38561.7,39099.3,251892.201,2697306
1645920000,39099.3,39868.6,36934.6,37672.0,423197.247,4101060
1646006400,37672.1,44341.0,37414.4,43155.0,615391.161,5894312
1646092800,43155.0,44935.0,42765.4,44394.1,448483.646,4610393
1646179200,44393.6,45350.0,43321.0,43885.7,407603.721,4239890
1646265600,43885.8,44080.0,41831.0,42449.5,365565.832,3803308
1646352000,42449.6,42525.3,38521.0,39127.7,469138.374,4908804
1646438400,39127.7,39580.0,38547.6,39375.1,198747.893,2212218
1646524800,39375.0,39690.0,38056.0,38401.1,311705.26,3162831
1646611200,38401.1,39550.0,37134.0,37963.8,490254.516,4747049
1646697600,37963.7,39340.5,37853.0,38709.9,421462.367,4243987
1646784000,38709.9,42647.5,38638.7,41937.5,462059.811,4564168
1646870400,41939.5,42034.3,38512.0,39407.2,520645.186,5039014
1646956800,39407.1,40242.0,38200.1,38713.0,467078.892,4566236
1647043200,38713.1,39578.4,38630.0,38792.6,172494.825,1916408
1647129600,38792.7,39300.0,37500.0,37743.7,236623.694,2373595
1647216000,37743.0,39989.0,37522.1,39653.8,360058.358,3346589
1647302400,39651.6,39901.8,38073.8,39271.0,345019.243,3198153
1647388800,39270.9,41804.0,38700.0,41105.8,650589.661,6249052
1647475200,41105.9,41498.4,40442.8,40898.1,243988.794,2446187
1647561600,40898.0,42322.8,40084.2,41751.5,299134.443,2791205
1647648000,41751.6,42446.6,41500.0,42188.2,186459.954,1729803
1647734400,42188.2,42269.3,40900.0,41261.0,235774.129,2023810
1647820800,41261.0,41544.4,40430.0,40982.0,308396.46,2575120
1647907200,40982.0,43517.7,40852.0,42349.8,374297.674,3429191
1647993600,42349.9,43051.0,41731.3,42867.9,282631.74,2643858
1648080000,42867.8,44200.0,42525.0,43973.4,331440.057,3127793
1648166400,43973.2,45142.0,43575.1,44290.6,348620.122,3146493
1648252800,44290.6,44785.0,44041.0,44489.2,140712.587,1476070
1648339200,44489.3,47047.0,44416.0,46820.8,269280.228,2526390
1648425600,46820.9,48200.0,46651.2,47121.9,317565.782,3149233
1648512000,47121.8,48100.0,46911.0,47418.5,259040.835,2407067
1648598400,47418.5,47688.6,46535.0,47053.2,235009.892,2279014
1648684800,47053.1,47619.4,45185.0,45506.0,299837.61,2704524
1648771200,45505.9,46700.0,44206.2,46266.2,360734.553,3077896
1648857600,46266.2,47236.8,45600.0,45794.6,226413.357,2087086
1648944000,45792.3,47448.0,45501.0,46392.4,212589.013,2007773
1649030400,46392.3,46895.5,45094.0,46580.9,272796.541,2435925
1649116800,46580.9,47188.0,45300.0,45477.4,257524.639,2349083
1649203200,45477.5,45494.2,43100.0,43159.7,384359.375,3589835
1649289600,43159.8,43888.0,42685.0,43417.1,229567.98,2352054
1649376000,43417.1,43968.1,42074.0,42229.2,310095.829,3039074
1649462400,42229.1,42796.7,42100.3,42727.7,119722.654,1398153
1649548800,42727.8,43399.4,41838.0,42140.4,181904.47,1922058
1649635200,42140.3,42399.9,39136.7,39505.6,439530.02,4212901
1649721600,39505.6,40700.0,39224.0,40060.7,349883.631,3292065
1649808000,40060.7,41580.0,39569.8,41129.8,324910.931,3176539
1649894400,41129.8,41474.8,39522.0,39915.9,261966.391,2615945
1649980800,39915.9,40888.0,39734.2,40529.5,194680.671,1968852
1650067200,40529.6,40700.0,39944.9,40361.0,127705.057,1336108
1650153600,40360.9,40574.1,39510.0,39649.1,170331.824,1664402
1650240000,39649.1,41310.0,38465.7,40785.6,362435.319,3387459
1650326400,40785.7,41788.0,40543.7,41472.9,214404.271,2272668
1650412800,41472.9,42166.8,40800.0,41327.7,257382.427,2731896
1650499200,41326.0,42966.0,39630.0,40449.8,393149.956,4300495
1650585600,40449.7,40786.1,39133.0,39674.2,314935.753,3578572
1650672000,39674.3,40000.0,39259.0,39415.1,125046.817,1602703
1650758400,39413.8,39930.6,38884.1,39433.4,180371.762,1944480
1650844800,39433.4,40650.0,38111.0,40411.0,448877.893,4399875
1650931200,40411.0,40800.0,37671.8,38093.7,453132.198,4384061
1651017600,38093.7,39470.0,37844.5,39209.0,385645.365,3726498
1651104000,39209.0,40376.6,38861.8,39732.5,413543.408,3928985
1651190400,39732.5,39924.8,38160.0,38572.2,308116.375,3106694
1651276800,38572.2,38782.6,37550.0,37614.5,181810.382,2037497
1651363200,37614.4,38680.6,37350.0,38440.5,236549.462,2621618
1651449600,38440.2,39222.0,38032.2,38525.6,336845.365,3521802
1651536000,38525.5,38674.7,37500.1,37712.9,248986.222,2698667
1651622400,37713.0,40071.7,37655.2,39684.0,424498.818,4133946
1651708800,39684.1,39845.0,35388.0,36534.7,547209.0,5070147
1651795200,36533.7,36679.3,35200.0,35995.3,431979.24,3998315
1651881600,35995.2,36138.0,34700.0,35466.7,200264.833,2212165
1651968000,35466.7,35504.0,33665.0,34032.0,426872.584,4516970
1652054400,34032.1,34243.3,30003.6,30056.6,1078779.712,9184779
1652140800,30056.0,32650.0,29701.4,31002.1,863178.961,8033585
1652227200,31002.1,32197.6,27651.0,29074.7,1101875.972,9995578
1652313600,29077.9,30257.0,26631.0,29020.7,964475.589,9545187
1652400000,29020.8,31072.6,28730.4,29274.3,507620.105,5507009
1652486400,29274.2,30352.2,28602.3,30079.8,315756.895,3756979
1652572800,30079.5,31462.0,29448.0,31324.4,336773.139,3738894
1652659200,31324.3,31327.4,29052.3,29866.7,507243.166,5014012
1652745600,29866.4,30794.0,29420.0,30437.0,398624.519,4083135
1652832000,30437.0,30700.0,28629.6,28700.6,426700.457,4172681
1652918400,28700.6,30550.0,28670.5,30319.9,448856.724,4384132
1653004800,30319.9,30784.4,28702.0,29188.9,485439.171,4396626
1653091200,29188.9,29650.0,28927.0,29427.4,202804.089,2179630
1653177600,29427.4,30500.0,29223.6,30284.0,297116.44,2699817
1653264000,30284.0,30658.0,28840.7,29097.7,475720.75,4234598
1653350400,29097.8,29887.3,28637.6,29643.1,382124.449,3486602
1653436800,29643.0,30246.7,29330.0,29536.7,413459.484,3644948
1653523200,29536.7,29877.0,27952.1,29194.0,602137.086,4998028
1653609600,29194.0,29387.0,28259.6,28623.2,506638.884,4601526
1653696000,28623.3,29265.7,28520.0,29018.8,193644.283,1892856
1653782400,29018.8,29595.2,28825.0,29452.8,215139.934,2143741
1653868800,29452.6,32307.6,29301.1,31726.5,502712.176,4335582
1653955200,31726.5,32427.5,31222.0,31797.8,383688.265,3584533
1654041600,31797.9,31986.1,29300.0,29796.9,556992.756,4628699
1654128000,29796.9,30750.0,29566.1,30437.1,370924.687,3538451
1654214400,30437.1,30693.2,29220.0,29682.8,357110.377,3436609
1654300800,29682.8,29988.0,29456.0,29848.4,187520.534,2016136
1654387200,29848.5,30250.0,29524.0,29909.9,205385.831,2136355
1654473600,29910.0,31780.0,29876.2,31361.2,436522.874,4199213
1654560000,31361.2,31599.0,29190.0,31118.1,691714.985,5975164
1654646400,31118.0,31325.0,29825.0,30192.5,455686.637,4067735
1654732800,30192.6,30691.9,29914.5,30093.3,307312.175,2788244
1654819200,30093.4,30374.1,28805.0,29077.7,445928.659,3965215
1654905600,29077.7,29427.9,28080.0,28416.7,391367.814,3598306
1654992000,28416.6,28530.3,26538.7,26564.7,560834.131,5008490
1655078400,26564.7,26877.0,21900.0,22471.5,1622521.56,12474566
1655164800,22471.4,23424.2,20823.0,22122.7,1247609.796,10260084
1655251200,22122.7,22800.0,20100.2,22567.5,1509301.169,11845837
1655337600,22567.5,23000.0,20222.0,20387.4,882634.22,7395505
1655424000,20387.4,21388.0,20228.0,20457.3,776153.257,6079947
1655510400,20457.3,20768.4,17593.2,18959.7,1268591.388,9583930
1655596800,18959.7,20821.0,17935.9,20564.2,1089275.674,8877056
1655683200,20564.3,21099.9,19630.0,20570.1,935816.13,7771043
1655769600,20570.0,21740.0,20337.8,20713.1,787173.936,6702766
1655856000,20713.1,20888.0,19745.7,19977.4,812184.193,6720501
1655942400,19977.5,21250.0,19874.0,21096.6,698753.04,5727746
1656028800,21096.6,21563.5,20732.5,21231.2,645450.778,5442506
1656115200,21231.2,21627.6,20894.0,21481.9,434117.447,3865063
1656201600,21481.9,21888.0,20952.0,21029.1,442787.736,3675374
1656288000,21029.1,21560.0,20500.0,20730.0,539335.009,4297480
1656374400,20730.0,21198.0,20188.0,20268.6,582916.108,4540284
1656460800,20268.7,20430.0,19817.2,20109.9,608905.99,4327664
1656547200,20109.9,20165.0,18563.0,19923.5,859981.415,5502182
1656633600,19923.3,20926.4,18948.8,19272.0,915399.363,6152298
1656720000,19272.0,19456.0,18959.0,19240.9,382851.525,2976646
1656806400,19241.0,19645.4,18780.1,19305.9,449508.331,3298282
1656892800,19306.0,20350.0,19046.3,20226.6,633310.187,4682514
1656979200,20226.3,20749.2,19291.6,20170.0,854238.867,6376734
1657065600,20170.1,20667.6,19753.0,20554.1,682076.458,5228369
1657152000,20554.2,21830.0,20244.9,21613.4,699841.616,5246264
1657238400,21614.5,22579.9,21175.2,21587.9,848144.495,6407442
1657324800,21587.8,22000.0,21309.6,21580.0,393372.366,3425448
1657411200,21580.0,21594.2,20600.0,20853.8,468176.539,3946140
1657497600,20853.8,20853.9,19870.0,19954.3,561245.987,4722282
1657584000,19954.3,20048.9,19228.3,19322.9,640560.723,5243512
1657670400,19322.9,20401.6,18901.0,20220.1,975938.165,6940192
1657756800,20220.1,20900.0,19600.0,20578.6,765989.53,6321440
1657843200,20578.6,21200.0,20364.3,20823.1,626763.692,5299398
1657929600,20823.1,21580.0,20471.0,21183.5,539206.87,4376025
1658016000,21183.6,21674.1,20742.0,20794.4,485537.728,4320211
1658102400,20794.4,22800.0,20764.4,22423.9,982867.734,7506531
1658188800,22423.5,23817.9,21575.0,23385.9,1124029.082,8573585
1658275200,23385.9,24277.0,22912.4,23221.5,946647.815,7875414
1658361600,23221.5,23441.1,22340.2,23144.5,723543.466,6390688
1658448000,23144.5,23750.0,22500.0,22675.1,633907.934,5619564
1658534400,22675.0,22990.0,21933.5,22440.2,505887.673,4466638
1658620800,22440.1,22999.0,22256.4,22570.6,462958.953,4140624
1658707200,22570.6,22656.8,21232.0,21300.0,695770.655,5988694
1658793600,21300.0,21334.4,20689.6,21241.0,552498.903,4637727
1658880000,21241.0,23100.0,21031.0,22941.1,753370.303,5568859
1658966400,22941.1,24194.6,22583.1,23836.2,756741.836,6067958
1659052800,23836.2,24500.0,23426.3,23771.1,642337.051,5285059
1659139200,23771.0,24700.0,23505.0,23629.9,493824.816,4311161
1659225600,23630.0,24187.3,23222.0,23290.1,385969.85,3727790
1659312000,23290.1,23497.0,22836.2,23257.6,498378.292,4196160
1659398400,23257.6,23448.7,22603.0,22975.1,625227.912,5225422
1659484800,22975.1,23650.0,22665.3,22801.5,569261.768,4736297
1659571200,22801.5,23211.3,22370.0,22608.9,548268.816,4301796
1659657600,22608.9,23450.0,22580.6,23298.1,593992.13,4688940
1659744000,23298.0,23341.8,22883.6,22943.3,227659.394,2033387
1659830400,22943.2,23400.0,22830.9,23167.8,271512.062,2243169
1659916800,23167.9,24243.0,23153.1,23804.4,565084.219,4381367
1660003200,23804.3,23913.4,22850.0,23140.2,498286.943,4053437
1660089600,23140.1,24235.2,22608.0,23940.9,760738.204,5430716
1660176000,23941.0,24972.0,23840.6,23917.2,760455.245,5828288
1660262400,23917.3,24438.8,23560.0,24387.5,477734.045,3938014
1660348800,24387.5,24879.0,24267.5,24429.0,431093.659,3636684
1660435200,24429.0,25065.0,24138.0,24294.1,437314.32,3508473
1660521600,24294.1,25200.0,23762.0,24085.2,739390.721,4717341
1660608000,24085.2,24234.0,23650.0,23843.0,460919.994,3324655
1660694400,23843.0,24437.0,23170.0,23333.1,640600.903,4655088
1660780800,23333.1,23595.0,23101.0,23185.1,347699.006,3008405
1660867200,23185.0,23200.0,20760.0,20824.9,906609.825,6096867
1660953600,20825.0,21368.9,20742.9,21127.8,490507.042,3787390
1661040000,21127.7,21804.6,21055.0,21505.6,424282.424,3349745
1661126400,21505.6,21550.0,20858.6,21387.0,588764.597,4392197
1661212800,21387.0,21667.2,20874.8,21518.2,609745.27,4519094
1661299200,21518.2,21925.6,21132.3,21354.9,502728.198,3744140
1661385600,21355.0,21810.9,21295.3,21548.3,415757.992,3095016
1661472000,21548.3,21867.6,20100.0,20228.7,896474.356,5958792
1661558400,20228.7,20367.7,19744.0,20023.9,469598.024,3707229
1661644800,20024.0,20155.0,19508.0,19547.5,386405.195,3056487
1661731200,19547.5,20440.0,19539.4,20275.5,598076.669,4169607
1661817600,20275.5,20574.0,19524.4,19803.1,767714.993,4871684
1661904000,19803.2,20496.0,19787.9,20041.5,711639.339,4852465
1661990400,20041.4,20198.3,19555.0,20122.5,691594.721,4343667
1662076800,20122.6,20434.3,19736.0,19941.0,669047.816,3954198
1662163200,19941.0,20050.0,19628.7,19820.7,285240.989,2032791
1662249600,19820.7,20022.4,19570.0,19992.7,396798.184,2433253
1662336000,19992.7,20046.7,19620.2,19784.9,446706.41,2695518
1662422400,19784.9,20174.7,18600.0,18781.5,945489.142,5177737
1662508800,18781.4,19455.0,18500.0,19287.0,595636.693,3479725
1662595200,19287.0,19450.0,19003.8,19309.3,537268.644,3241570
1662681600,19309.3,21666.0,19283.0,21352.0,992497.1,5787957
1662768000,21352.0,21825.0,21112.2,21639.5,491543.206,3297829
1662854400,21639.5,21883.4,21336.0,21820.3,420979.326,2862590
1662940800,21820.3,22474.0,21540.0,22386.0,818601.932,5450349
1663027200,22386.0,22850.0,19840.0,20162.5,1218769.927,7515217
1663113600,20162.6,20528.5,19600.0,20217.0,661802.597,4375732
1663200000,20217.0,20315.0,19453.0,19690.8,665862.067,4397144
1663286400,19690.8,19878.0,19300.0,19792.5,544608.804,3356440
1663372800,19792.4,20182.6,19739.4,20102.0,334678.558,2252934
1663459200,20102.0,20105.3,19325.8,19404.5,499916.474,2840410
1663545600,19404.5,19686.3,18215.0,19528.6,993776.352,5806574
1663632000,19528.6,19625.0,18690.1,18866.8,794623.932,4564101
1663718400,18866.7,20154.1,18084.3,18447.5,1168068.979,7384253
1663804800,18447.5,19504.8,18345.2,19392.5,852898.391,5135005
1663891200,19392.5,19492.0,18518.5,19280.7,838493.746,4776176
1663977600,19280.7,19304.5,18798.0,18911.0,377158.215,2453806
1664064000,18910.9,19196.0,18621.0,18799.7,410461.603,2538628
1664150400,18799.7,19311.5,18671.0,19216.3,777807.518,4660592
1664236800,19216.3,20375.0,18801.5,19070.1,1300566.158,7464455
1664323200,19070.1,19787.6,18460.0,19407.3,1141222.772,6549142
1664409600,19407.4,19648.8,18827.2,19582.5,991678.224,5608316
1664496000,19582.5,20172.7,19066.0,19411.7,1071462.934,5922595
1664582400,19411.6,19474.0,19140.0,19304.0,294457.009,1939854
1664668800,19304.0,19389.0,18896.0,19049.4,414970.451,2498575
1664755200,19049.3,19723.7,18950.8,19622.0,621816.329,3795723
1664841600,19621.9,20500.0,19480.1,20333.0,796678.762,4715325
1664928000,20332.9,20356.1,19707.0,20150.0,719577.149,4213991
1665014400,20149.9,20443.9,19843.3,19954.0,782034.669,4650712
1665100800,19954.0,20067.0,19304.4,19520.9,673407.102,4051050
1665187200,19520.9,19619.6,19200.0,19406.2,253257.201,1749051
1665273600,19406.3,19550.0,19310.0,19430.0,267178.795,1739249
1665360000,19430.0,19513.0,19000.0,19124.0,560920.904,3300957
1665446400,19124.1,19260.0,18850.0,19055.0,603358.324,3341536
1665532800,19055.0,19240.0,18924.3,19148.0,406770.288,2465034
1665619200,19148.1,19498.6,17917.8,19365.5,1104615.001,5965822
1665705600,19365.4,19947.9,19059.6,19164.6,861453.21,4735908
1665792000,19164.6,19218.8,18966.0,19060.4,241520.185,1540108
1665878400,19060.4,19415.9,19058.0,19251.9,267921.192,1691004
1665964800,19251.8,19666.0,19148.0,19540.6,502319.759,2887591
1666051200,19540.7,19706.4,19081.0,19320.9,634343.154,3459125
1666137600,19320.9,19349.8,19050.0,19116.7,404370.458,2416553
1666224000,19116.6,19350.0,18882.4,19034.7,537627.048,2877859
1666310400,19034.8,19240.0,18600.0,19150.9,581878.905,2984842
1666396800,19151.0,19250.0,19103.5,19195.1,174055.042,1079976
1666483200,19195.1,19690.0,19050.0,19560.7,358611.542,1947148
1666569600,19560.6,19593.3,19146.0,19318.1,476676.536,2450024
1666656000,19318.1,20415.0,19228.0,20068.3,777306.534,4132715
1666742400,20068.3,21030.0,20041.1,20758.3,841864.982,4594814
1666828800,20758.4,20863.7,20170.0,20285.5,614910.045,3746823
1666915200,20285.6,20740.0,19951.0,20582.8,595538.882,3464429
1667001600,20582.7,21088.0,20547.8,20796.7,482217.17,2764585
1667088000,20796.7,20925.2,20503.0,20615.6,295389.69,1859492
1667174400,20615.5,20838.7,20225.4,20482.0,478797.266,2823774
1667260800,20482.1,20687.0,20320.0,20472.1,314676.187,1937679
1667347200,20472.1,20796.0,20050.0,20140.1,651535.761,3539726
1667433600,20140.2,20400.0,20026.0,20199.7,372121.061,2000313
1667520000,20199.8,21297.0,20171.6,21137.6,824515.215,4051389
1667606400,21137.6,21473.7,21071.1,21289.9,303983.372,1973421
1667692800,21289.8,21355.8,20863.3,20900.0,277148.646,1654568
1667779200,20900.0,21062.6,20374.0,20578.6,554408.316,3049391
1667865600,20578.5,20685.0,16830.0,18534.0,2046476.313,10670666
1667952000,18533.9,18574.9,15462.6,15905.0,2065606.412,12234814
1668038400,15905.0,18230.0,15730.0,17588.0,1497093.602,9507944
1668124800,17588.0,17678.0,16343.0,17058.3,955344.602,6729390
1668211200,17058.4,17110.8,16623.8,16806.9,304455.717,2462955
1668297600,16806.9,16950.0,16210.3,16321.2,349742.836,2521646
1668384000,16321.3,17188.0,15805.5,16605.2,934392.484,6045427
1668470400,16605.3,17127.2,16516.7,16888.3,649349.458,4117920
1668556800,16888.3,17007.4,16358.0,16650.6,537241.645,3478826
1668643200,16650.7,16741.7,16403.3,16682.1,408989.285,2605870
1668729600,16682.1,16984.4,16541.1,16689.7,388612.842,2336444
1668816000,16689.7,16814.5,16543.8,16692.9,171822.915,1141671
1668902400,16693.0,16743.9,16167.1,16272.6,327599.214,1896705
1668988800,16272.7,16304.3,15443.2,15773.0,790219.365,4284344
1669075200,15772.9,16309.0,15610.3,16220.6,579333.644,3438309
1669161600,16220.5,16703.4,16155.5,16595.8,546714.91,3319572
1669248000,16595.8,16800.0,16450.0,16592.4,351024.418,2224179
1669334400,16592.5,16639.9,16331.7,16516.1,306560.116,1798061
1669420800,16516.2,16699.1,16369.1,16449.2,253401.659,1518627
1669507200,16449.2,16594.2,16396.0,16422.6,189370.345,1165521
1669593600,16422.5,16475.0,15984.1,16204.5,497137.869,2736780
1669680000,16204.6,16543.0,16088.0,16433.2,391410.854,2098706
1669766400,16433.3,17248.3,16421.5,17153.3,620324.95,3197448
1669852800,17153.4,17348.5,16851.2,16970.5,411051.309,2195426
1669939200,16970.5,17096.3,16760.0,17083.0,335039.215,1885103
1670025600,17083.0,17160.0,16850.1,16879.5,185257.242,1120052
1670112000,16879.5,17206.2,16874.1,17099.5,292090.868,1618863
1670198400,17099.5,17430.0,16860.6,16958.3,519961.39,2926850
1670284800,16958.2,17100.0,16899.9,17078.6,321330.613,1999108
1670371200,17078.7,17130.0,16655.0,16828.0,337778.925,1894001
1670457600,16828.0,17294.9,16710.4,17216.0,402157.335,2123523
1670544000,17216.0,17365.4,17052.0,17122.0,290231.183,1628630
1670630400,17122.0,17228.6,17081.0,17120.0,141895.207,868846
1670716800,17120.1,17265.0,17060.0,17077.3,171004.111,1012706
1670803200,17077.3,17237.9,16865.0,17200.0,335856.258,1742321
1670889600,17200.0,18100.0,17076.0,17777.1,596851.291,3060185
1670976000,17777.1,18400.0,17659.4,17803.9,627511.699,3317163
1671062400,17804.0,17849.5,17258.0,17351.8,437284.037,2399085
1671148800,17351.9,17528.0,16521.1,16624.1,622150.245,3252339
1671235200,16624.1,16790.0,16571.8,16768.0,248465.273,1457086
1671321600,16768.1,16872.0,16656.0,16730.3,185898.213,1129837
1671408000,16730.4,16809.6,16210.0,16429.2,344728.552,1920621
1671494400,16429.2,17049.6,16390.3,16887.2,476171.098,2490230
1671580800,16887.3,16924.2,16694.2,16819.6,227752.335,1277706
1671667200,16819.7,16861.9,16556.1,16815.5,306610.961,1576864
1671753600,16815.5,16960.0,16690.0,16776.4,264553.42,1351547
1671840000,16776.3,16859.9,16774.4,16828.9,82410.79,492881
1671926400,16829.0,16850.0,16700.0,16824.4,144075.843,772341
1672012800,16824.5,16936.8,16781.1,16912.9,148128.699,806616
1672099200,16912.8,16968.0,16580.0,16698.2,262828.564,1303236
1672185600,16698.2,16778.3,16455.6,16539.0,344649.858,1597488
1672272000,16538.9,16659.0,16485.1,16630.3,208591.531,1012505
1672358400,16630.3,16666.6,16320.0,16601.2,295630.49,1311988
1672444800,16601.2,16640.0,16461.8,16537.6,134462.156,685007
1672531200,16537.5,16618.8,16488.0,16610.3,105502.965,594299
1672617600,16610.4,16799.0,16541.2,16666.0,215161.176,1020015
1672704000,16665.9,16774.0,16600.3,16667.2,203070.205,966813
1672790400,16667.3,16984.6,16645.7,16842.1,349747.838,1618311
1672876800,16842.2,16872.8,16740.4,16823.8,176369.347,892815
1672963200,16823.8,17030.0,16664.8,16943.8,316973.629,1370628
1673049600,16943.9,16973.6,16900.1,16936.5,77973.105,454642
1673136000,16936.5,17181.1,16905.0,17124.7,157717.318,775585
1673222400,17124.6,17387.8,17098.2,17169.7,400277.809,1767631
1673308800,17169.6,17485.4,17140.4,17428.8,297320.371,1362100
1673395200,17428.8,18013.2,17306.4,17935.7,386277.106,1720123
1673481600,17935.6,19120.0,17902.4,18838.0,1040334.76,4582821
1673568000,18838.1,19997.8,18711.0,19924.2,806807.832,3959376
1673654400,19924.3,21544.0,19882.6,20962.8,1010666.683,5289343
1673740800,20962.8,21073.8,20556.0,20882.7,428486.559,2666812
1673827200,20882.7,21498.0,20606.6,21188.3,666148.201,4013906
1673913600,21188.2,21640.0,20827.8,21130.9,547390.593,3216496
1674000000,21130.8,21672.0,20386.0,20680.0,813785.517,4880532
1674086400,20680.1,21183.9,20659.9,21068.3,374733.617,2261529
1674172800,21068.3,22750.0,20856.4,22661.1,723645.2,3903593
1674259200,22661.0,23390.0,22422.0,22781.9,764681.1,4452486
1674345600,22781.8,23080.2,22287.0,22704.6,482529.811,2934952
1674432000,22704.7,23193.1,22500.0,22913.1,525802.84,3132952
1674518400,22913.3,23158.7,22450.0,22627.4,505615.816,2961877
1674604800,22627.5,23837.4,22310.5,23060.6,692786.607,4069945
1674691200,23060.6,23278.7,22843.8,23001.9,427760.786,2768278
1674777600,23001.9,23500.0,22516.6,23068.0,509920.307,3045131
1674864000,23068.1,23185.0,22870.8,23015.9,186400.943,1452787
1674950400,23016.0,23962.7,22961.5,23740.3,562028.231,3749129
1675036800,23740.2,23804.6,22484.2,22819.9,572537.407,3732017
1675123200,22819.9,23330.0,22715.3,23119.4,403726.966,2753125
1675209600,23119.5,23852.4,22747.0,23730.0,571429.711,3732189
1675296000,23730.1,24281.4,23365.0,23493.1,615740.338,4136628
1675382400,23493.0,23719.9,23201.0,23424.7,470831.438,3231984
1675468800,23424.7,23591.4,23250.0,23322.6,197118.393,1515159
1675555200,23322.6,23436.0,22741.0,22929.2,356665.034,2413892
1675641600,22929.3,23159.4,22600.0,22757.7,417160.143,2671329
1675728000,22757.8,23368.6,22742.4,23234.1,447273.494,2811376
1675814400,23234.1,23450.0,22662.9,22955.9,383465.481,2432733
1675900800,22955.9,23007.8,21684.7,21793.4,732295.35,4168493
1675987200,21793.3,21933.8,21405.0,21618.6,439986.497,2754970
1676073600,21618.6,21891.9,21594.4,21851.3,189249.667,1293121
1676160000,21851.2,22080.9,21618.0,21771.1,276787.093,1829939
1676246400,21771.0,21888.0,21338.0,21766.2,511595.693,3063623
1676332800,21766.1,22320.0,21485.2,22187.4,598791.509,3582749
1676419200,22187.4,24420.0,22038.5,24332.6,824676.471,4773998
1676505600,24332.7,25290.0,23518.0,23526.6,959463.159,6066350
1676592000,23526.6,25043.2,23350.0,24581.5,922717.148,5941536
1676678400,24581.3,24887.5,24430.6,24636.9,261555.556,2200570
1676764800,24636.8,25200.0,24179.4,24265.9,543506.628,3533276
1676851200,24265.9,25140.0,23827.0,24849.9,646401.072,4489943
1676937600,24849.9,25347.6,24150.0,24443.4,729290.575,4820541
1677024000,24443.3,24468.5,23572.0,24171.3,730414.101,5090139
1677110400,24171.3,24588.0,23590.0,23928.8,751339.414,5244513
1677196800,23928.7,24138.6,22800.0,23175.6,731577.942,4944260
1677283200,23175.5,23210.5,22700.0,23146.2,310795.648,2424080
1677369600,23146.2,23675.0,23050.0,23545.3,371395.056,2819306
1677456000,23545.2,23888.0,23088.0,23480.0,576754.966,4171455
1677542400,23480.0,23592.8,23010.0,23129.6,456919.838,3350674
1677628800,23129.7,24022.7,23008.4,23619.8,617250.311,4206389
1677715200,23619.8,23790.5,23183.0,23457.1,419256.601,3015967
1677801600,23457.1,23468.5,21883.2,22342.8,608518.137,3866916
1677888000,22342.8,22400.0,22147.5,22335.7,175309.211,1305968
1677974400,22335.8,22650.0,22174.9,22419.4,282261.745,1874867
1678060800,22419.3,22594.5,22240.1,22397.1,298976.397,2012422
1678147200,22397.1,22550.0,21908.0,22187.1,548494.099,3202168
1678233600,22187.1,22276.4,21540.5,21695.4,547867.967,3276230
1678320000,21695.3,21823.0,20003.5,20348.3,951903.36,5290521
1678406400,20348.4,20351.8,19521.6,20140.3,1238135.265,6670105
1678492800,20140.3,20674.5,19752.5,20447.3,753479.558,4855620
1678579200,20447.3,22184.0,20262.2,21986.2,881522.402,5400565
1678665600,21986.2,24517.2,21804.0,24119.5,1534982.176,10210273
1678752000,24119.5,26489.9,23951.0,24682.5,1572562.635,11299346
1678838400,24682.5,25200.0,23888.0,24288.0,1102056.429,8302944
1678924800,24287.9,25167.9,24120.5,24990.4,735446.946,6238982
1679011200,24990.5,27763.4,24875.3,27384.0,1341159.064,10192241
1679097600,27383.9,27726.4,26555.5,26907.0,740232.316,6453518
1679184000,26907.0,28397.0,26815.9,27955.7,759367.078,6421005
1679270400,27955.8,28483.2,27120.6,27704.1,937223.448,7758928
1679356800,27704.1,28460.0,27288.0,28091.1,685487.714,6537638
1679443200,28091.1,28881.0,26590.0,27233.8,1080393.27,8635170
1679529600,27233.8,28777.0,27101.0,28284.1,808174.047,6394495
1679616000,28284.0,28369.1,26960.0,27438.9,696075.37,5519306
1679702400,27439.0,27788.0,27131.8,27447.3,335674.055,3026808
1679788800,27447.2,28186.9,27400.0,27954.3,399756.985,3281476
1679875200,27954.3,28019.4,26480.0,27112.0,642434.822,5064388
1679961600,27112.0,27500.0,26610.0,27249.7,585080.772,4777546
1680048000,27249.7,28649.9,27223.6,28338.5,655852.971,5388434
1680134400,28338.6,29184.8,27654.1,28015.0,770966.1,6177264
1680220800,28015.0,28675.3,27500.0,28454.9,611557.29,5207648
1680307200,28454.8,28845.3,28180.0,28443.8,256487.222,2401480
1680393600,28443.7,28516.5,27820.0,28161.2,316658.67,2802195
1680480000,28161.3,28540.0,27166.0,27786.1,741665.563,5406685
1680566400,27786.1,28450.0,27650.2,28155.2,432370.612,3984245
1680652800,28155.1,28800.0,27775.0,28154.0,543712.838,4531402
1680739200,28154.0,28175.0,27684.2,28022.8,355916.782,3071514
1680825600,28022.9,28096.0,27755.0,27890.7,219250.178,1917751
1680912000,27890.7,28153.6,27850.1,27924.9,159129.56,1314182
1680998400,27924.9,28539.1,27762.8,28309.4,305861.88,2214631
1681084800,28309.4,29840.0,28153.6,29623.1,580061.925,4123452
1681171200,29623.1,30564.0,29573.9,30185.1,628978.491,4729571
1681257600,30185.1,30480.0,29620.0,29875.0,563668.43,4387682
1681344000,29874.9,30648.9,29836.7,30362.7,436182.494,3715786
1681430400,30362.7,31059.0,29925.0,30453.1,615391.615,5129517
1681516800,30453.0,30599.9,30186.0,30280.4,180234.082,1830086
1681603200,30280.4,30560.0,30102.0,30286.6,210226.019,1979267
1681689600,30286.6,30307.4,29219.9,29420.0,455518.548,3560659
1681776000,29420.1,30480.0,29078.1,30365.8,533189.27,4274050
1681862400,30365.8,30410.0,28557.3,28795.1,643866.11,5132636
1681948800,28795.0,29078.0,27983.0,28229.9,639179.286,5539024
1682035200,28229.9,28368.9,27100.0,27252.5,687832.833,5562056
1682121600,27252.6,27888.0,27126.0,27807.2,345549.021,2977249
1682208000,27807.2,27807.3,27279.7,27576.0,332082.355,3098041
1682294400,27575.9,28000.0,26919.3,27497.5,581268.268,5618420
1682380800,27497.4,28379.9,27176.6,28286.7,508254.515,4735859
1682467200,28286.7,30048.2,27200.0,28395.9,1284924.668,8966446
1682553600,28396.0,29898.0,28365.3,29459.0,952584.739,8339857
1682640000,29459.0,29591.1,28870.0,29300.0,508350.155,5098353
1682726400,29300.0,29443.9,29000.4,29212.7,218013.244,2326398
1682812800,29212.7,29950.0,29067.4,29223.0,417798.846,3831415
1682899200,29223.0,29325.5,27650.0,28054.4,624974.488,5751299
1682985600,28054.5,28888.0,27854.0,28656.5,513546.269,5054283
1683072000,28656.4,29258.4,28080.0,29018.4,676466.23,6377432
1683158400,29018.4,29380.0,28660.0,28826.0,426425.584,4742919
1683244800,28826.0,29693.0,28618.3,29491.5,578485.177,5470394
1683331200,29491.5,29840.0,28333.0,28837.8,475628.901,4534010
1683417600,28837.9,29137.0,28370.0,28419.4,308410.643,3445261
1683504000,28419.5,28624.6,27250.0,27659.8,658188.777,6208727
1683590400,27659.8,27815.6,27316.8,27610.2,367664.686,4277816
1683676800,27610.2,28297.0,26666.6,27582.9,722502.676,6667421
1683763200,27583.0,27630.0,26688.8,26956.4,538822.363,5661571
1683849600,26956.4,27090.0,25751.0,26785.1,615645.508,6231218
1683936000,26785.2,27051.5,26674.9,26762.7,242694.929,2852715
1684022400,26762.8,27200.0,26557.0,26901.9,247579.427,2846819
1684108800,26901.9,27650.0,26694.4,27152.5,450263.076,4715118
1684195200,27152.5,27284.7,26832.0,27024.8,373172.951,3880211
1684281600,27024.7,27500.0,26527.5,27395.8,490065.218,4463922
1684368000,27395.7,27482.7,26335.3,26809.3,544971.979,4707522
1684454400,26809.4,27180.0,26611.2,26870.1,324097.956,3022112
1684540800,26870.1,27144.4,26813.5,27089.5,137515.354,1513513
1684627200,27089.6,27288.0,26642.0,26732.8,238776.425,2166741
1684713600,26732.8,27097.8,26500.0,26840.2,328030.52,2928004
1684800000,26840.2,27527.5,26782.6,27209.9,369176.618,3213050
1684886400,27209.9,27212.9,26060.0,26313.8,535191.677,4225865
1684972800,26313.9,26644.0,25850.0,26461.8,394535.225,3050516
1685059200,26461.7,26925.0,26313.9,26689.9,324475.546,2735645
1685145600,26689.8,26890.0,26528.6,26841.6,163681.935,1542894
1685232000,26841.6,28252.8,26746.0,28055.7,440115.394,3490620
1685318400,28055.8,28442.0,27513.5,27722.0,411290.549,3347963
1685404800,27722.1,28038.6,27530.0,27680.1,334379.313,3054868
1685491200,27680.0,27825.0,26826.0,27201.1,471381.89,3775159
1685577600,27201.1,27347.9,26600.0,26805.3,404787.572,3436492
1685664000,26805.3,27290.0,26477.6,27227.8,391110.093,3377626
1685750400,27227.8,27340.2,26900.0,27054.9,182464.1,1666845
1685836800,27054.9,27460.0,26935.3,27102.4,218271.544,1885379
1685923200,27102.4,27125.0,25360.1,25714.7,700502.548,5160197
1686009600,25714.6,26780.0,25321.6,26643.1,515495.569,3924990
